INSERT INTO Types (Type,Kind) VALUES ('TRAIT_GDG_CIVILIZATION_EXTRA_UNITS','KIND_TRAIT');

INSERT INTO Modifiers (ModifierId,ModifierType) VALUES ('TRAIT_EXTRA_UNITS_MELEE','MODIFIER_PLAYER_UNITS_ADJUST_EXTRA_UNIT_COPY_TAG');
INSERT INTO Modifiers (ModifierId,ModifierType) VALUES ('TRAIT_EXTRA_UNITS_RANGED','MODIFIER_PLAYER_UNITS_ADJUST_EXTRA_UNIT_COPY_TAG');
INSERT INTO Modifiers (ModifierId,ModifierType) VALUES ('TRAIT_EXTRA_UNITS_SIEGE','MODIFIER_PLAYER_UNITS_ADJUST_EXTRA_UNIT_COPY_TAG');
INSERT INTO Modifiers (ModifierId,ModifierType) VALUES ('TRAIT_EXTRA_UNITS_ANTI_CAVALRY','MODIFIER_PLAYER_UNITS_ADJUST_EXTRA_UNIT_COPY_TAG');
INSERT INTO Modifiers (ModifierId,ModifierType) VALUES ('TRAIT_EXTRA_UNITS_LIGHT_CAVALRY','MODIFIER_PLAYER_UNITS_ADJUST_EXTRA_UNIT_COPY_TAG');
INSERT INTO Modifiers (ModifierId,ModifierType) VALUES ('TRAIT_EXTRA_UNITS_HEAVY_CAVALRY','MODIFIER_PLAYER_UNITS_ADJUST_EXTRA_UNIT_COPY_TAG');
INSERT INTO Modifiers (ModifierId,ModifierType) VALUES ('TRAIT_EXTRA_UNITS_NAVAL_MELEE','MODIFIER_PLAYER_UNITS_ADJUST_EXTRA_UNIT_COPY_TAG');
INSERT INTO Modifiers (ModifierId,ModifierType) VALUES ('TRAIT_EXTRA_UNITS_NAVAL_RANGED','MODIFIER_PLAYER_UNITS_ADJUST_EXTRA_UNIT_COPY_TAG');
INSERT INTO Modifiers (ModifierId,ModifierType) VALUES ('TRAIT_EXTRA_UNITS_NAVAL_RAIDER','MODIFIER_PLAYER_UNITS_ADJUST_EXTRA_UNIT_COPY_TAG');
INSERT INTO Modifiers (ModifierId,ModifierType) VALUES ('TRAIT_EXTRA_UNITS_AIRCRAFT_UNITS','MODIFIER_PLAYER_UNITS_ADJUST_EXTRA_UNIT_COPY_TAG');
INSERT INTO Modifiers (ModifierId,ModifierType) VALUES ('TRAIT_EXTRA_UNITS_RECON','MODIFIER_PLAYER_UNITS_ADJUST_EXTRA_UNIT_COPY_TAG');
INSERT INTO Modifiers (ModifierId,ModifierType) VALUES ('TRAIT_EXTRA_UNITS_BUILDER','MODIFIER_PLAYER_UNITS_ADJUST_EXTRA_UNIT_COPY');
INSERT INTO Modifiers (ModifierId,ModifierType) VALUES ('TRAIT_EXTRA_UNITS_SETTLER','MODIFIER_PLAYER_UNITS_ADJUST_EXTRA_UNIT_COPY');
INSERT INTO Modifiers (ModifierId,ModifierType) VALUES ('TRAIT_EXTRA_UNITS_AIRCRAFT_CARRIER','MODIFIER_PLAYER_UNITS_ADJUST_EXTRA_UNIT_COPY');



INSERT INTO ModifierArguments (ModifierId,Name,Value) VALUES ('TRAIT_EXTRA_UNITS_MELEE','Tag','CLASS_MELEE');	
INSERT INTO ModifierArguments (ModifierId,Name,Value) VALUES ('TRAIT_EXTRA_UNITS_MELEE','Amount',1);	
INSERT INTO ModifierArguments (ModifierId,Name,Value) VALUES ('TRAIT_EXTRA_UNITS_RANGED','Tag','CLASS_RANGED');	
INSERT INTO ModifierArguments (ModifierId,Name,Value) VALUES ('TRAIT_EXTRA_UNITS_RANGED','Amount',1);	
INSERT INTO ModifierArguments (ModifierId,Name,Value) VALUES ('TRAIT_EXTRA_UNITS_SIEGE','Tag','CLASS_SIEGE');	
INSERT INTO ModifierArguments (ModifierId,Name,Value) VALUES ('TRAIT_EXTRA_UNITS_SIEGE','Amount',1);	
INSERT INTO ModifierArguments (ModifierId,Name,Value) VALUES ('TRAIT_EXTRA_UNITS_ANTI_CAVALRY','Tag','CLASS_ANTI_CAVALRY');	
INSERT INTO ModifierArguments (ModifierId,Name,Value) VALUES ('TRAIT_EXTRA_UNITS_ANTI_CAVALRY','Amount',1);	
INSERT INTO ModifierArguments (ModifierId,Name,Value) VALUES ('TRAIT_EXTRA_UNITS_LIGHT_CAVALRY','Tag','CLASS_LIGHT_CAVALRY');	
INSERT INTO ModifierArguments (ModifierId,Name,Value) VALUES ('TRAIT_EXTRA_UNITS_LIGHT_CAVALRY','Amount',1);	
INSERT INTO ModifierArguments (ModifierId,Name,Value) VALUES ('TRAIT_EXTRA_UNITS_HEAVY_CAVALRY','Tag','CLASS_HEAVY_CAVALRY');	
INSERT INTO ModifierArguments (ModifierId,Name,Value) VALUES ('TRAIT_EXTRA_UNITS_HEAVY_CAVALRY','Amount',1);	
INSERT INTO ModifierArguments (ModifierId,Name,Value) VALUES ('TRAIT_EXTRA_UNITS_NAVAL_MELEE','Tag','CLASS_NAVAL_MELEE');	
INSERT INTO ModifierArguments (ModifierId,Name,Value) VALUES ('TRAIT_EXTRA_UNITS_NAVAL_MELEE','Amount',1);	
INSERT INTO ModifierArguments (ModifierId,Name,Value) VALUES ('TRAIT_EXTRA_UNITS_NAVAL_RANGED','Tag','CLASS_NAVAL_RANGED');	
INSERT INTO ModifierArguments (ModifierId,Name,Value) VALUES ('TRAIT_EXTRA_UNITS_NAVAL_RANGED','Amount',1);	
INSERT INTO ModifierArguments (ModifierId,Name,Value) VALUES ('TRAIT_EXTRA_UNITS_NAVAL_RAIDER','Tag','CLASS_NAVAL_RAIDER');	
INSERT INTO ModifierArguments (ModifierId,Name,Value) VALUES ('TRAIT_EXTRA_UNITS_NAVAL_RAIDER','Amount',1);	
INSERT INTO ModifierArguments (ModifierId,Name,Value) VALUES ('TRAIT_EXTRA_UNITS_AIRCRAFT_UNITS','Tag','CLASS_AIRCRAFT');	
INSERT INTO ModifierArguments (ModifierId,Name,Value) VALUES ('TRAIT_EXTRA_UNITS_AIRCRAFT_UNITS','Amount',1);	
INSERT INTO ModifierArguments (ModifierId,Name,Value) VALUES ('TRAIT_EXTRA_UNITS_RECON','Tag','CLASS_RECON');	
INSERT INTO ModifierArguments (ModifierId,Name,Value) VALUES ('TRAIT_EXTRA_UNITS_RECON','Amount',1);	
INSERT INTO ModifierArguments (ModifierId,Name,Value) VALUES ('TRAIT_EXTRA_UNITS_BUILDER','UnitType','UNIT_BUILDER');	
INSERT INTO ModifierArguments (ModifierId,Name,Value) VALUES ('TRAIT_EXTRA_UNITS_BUILDER','Amount',1);	
INSERT INTO ModifierArguments (ModifierId,Name,Value) VALUES ('TRAIT_EXTRA_UNITS_SETTLER','UnitType','UNIT_SETTLER');	
INSERT INTO ModifierArguments (ModifierId,Name,Value) VALUES ('TRAIT_EXTRA_UNITS_SETTLER','Amount',1);	
INSERT INTO ModifierArguments (ModifierId,Name,Value) VALUES ('TRAIT_EXTRA_UNITS_AIRCRAFT_CARRIER','Tag','UNIT_AIRCRAFT_CARRIER');	
INSERT INTO ModifierArguments (ModifierId,Name,Value) VALUES ('TRAIT_EXTRA_UNITS_AIRCRAFT_CARRIER','Amount',1);	




INSERT INTO Traits (TraitType,Name,Description) VALUES ('TRAIT_GDG_CIVILIZATION_EXTRA_UNITS','LOC_TRAIT_CIVILIZATION_EXTRA_UNITS_NAME','LOC_TRAIT_CIVILIZATION_EXTRA_UNITS_DESCRIPTION');	

INSERT INTO TraitModifiers (TraitType,ModifierId) VALUES ('TRAIT_GDG_CIVILIZATION_EXTRA_UNITS','TRAIT_EXTRA_UNITS_MELEE');	
INSERT INTO TraitModifiers (TraitType,ModifierId) VALUES ('TRAIT_GDG_CIVILIZATION_EXTRA_UNITS','TRAIT_EXTRA_UNITS_RANGED');	
INSERT INTO TraitModifiers (TraitType,ModifierId) VALUES ('TRAIT_GDG_CIVILIZATION_EXTRA_UNITS','TRAIT_EXTRA_UNITS_SIEGE');	
INSERT INTO TraitModifiers (TraitType,ModifierId) VALUES ('TRAIT_GDG_CIVILIZATION_EXTRA_UNITS','TRAIT_EXTRA_UNITS_ANTI_CAVALRY');	
INSERT INTO TraitModifiers (TraitType,ModifierId) VALUES ('TRAIT_GDG_CIVILIZATION_EXTRA_UNITS','TRAIT_EXTRA_UNITS_LIGHT_CAVALRY');	
INSERT INTO TraitModifiers (TraitType,ModifierId) VALUES ('TRAIT_GDG_CIVILIZATION_EXTRA_UNITS','TRAIT_EXTRA_UNITS_HEAVY_CAVALRY');	
INSERT INTO TraitModifiers (TraitType,ModifierId) VALUES ('TRAIT_GDG_CIVILIZATION_EXTRA_UNITS','TRAIT_EXTRA_UNITS_NAVAL_MELEE');	
INSERT INTO TraitModifiers (TraitType,ModifierId) VALUES ('TRAIT_GDG_CIVILIZATION_EXTRA_UNITS','TRAIT_EXTRA_UNITS_NAVAL_RANGED');	
INSERT INTO TraitModifiers (TraitType,ModifierId) VALUES ('TRAIT_GDG_CIVILIZATION_EXTRA_UNITS','TRAIT_EXTRA_UNITS_NAVAL_RAIDER');	
INSERT INTO TraitModifiers (TraitType,ModifierId) VALUES ('TRAIT_GDG_CIVILIZATION_EXTRA_UNITS','TRAIT_EXTRA_UNITS_BUILDER');	
INSERT INTO TraitModifiers (TraitType,ModifierId) VALUES ('TRAIT_GDG_CIVILIZATION_EXTRA_UNITS','TRAIT_EXTRA_UNITS_SETTLER');	
INSERT INTO TraitModifiers (TraitType,ModifierId) VALUES ('TRAIT_GDG_CIVILIZATION_EXTRA_UNITS','TRAIT_EXTRA_UNITS_AIRCRAFT_CARRIER');	
INSERT INTO TraitModifiers (TraitType,ModifierId) VALUES ('TRAIT_GDG_CIVILIZATION_EXTRA_UNITS','TRAIT_EXTRA_UNITS_AIRCRAFT_UNITS');	
INSERT INTO TraitModifiers (TraitType,ModifierId) VALUES ('TRAIT_GDG_CIVILIZATION_EXTRA_UNITS','TRAIT_EXTRA_UNITS_RECON');	
