INSERT INTO Types (Type,Kind) VALUES ('TRAIT_GDG_CIVILIZATION_ONEFORALL_MILITARY_AIR_FIGHTER_PROD','KIND_TRAIT');	

-- START OF MILITARY AIR_FIGHTER PRODUCTION
INSERT INTO Modifiers (ModifierId,ModifierType) VALUES ('TRAIT_GDG_MILITARY_AIR_FIGHTER_MODERN_PRODUCTION','MODIFIER_PLAYER_CITIES_ADJUST_UNIT_TAG_ERA_PRODUCTION');
INSERT INTO Modifiers (ModifierId,ModifierType) VALUES ('TRAIT_GDG_MILITARY_AIR_FIGHTER_ATOMIC_PRODUCTION','MODIFIER_PLAYER_CITIES_ADJUST_UNIT_TAG_ERA_PRODUCTION');
INSERT INTO Modifiers (ModifierId,ModifierType) VALUES ('TRAIT_GDG_MILITARY_AIR_FIGHTER_INFORMATION_PRODUCTION','MODIFIER_PLAYER_CITIES_ADJUST_UNIT_TAG_ERA_PRODUCTION');
-- INSERT INTO Modifiers (ModifierId,ModifierType) VALUES ('','MODIFIER_PLAYER_CITIES_ADJUST_UNIT_TAG_ERA_PRODUCTION');

-- START OF MILITARY AIR_FIGHTER PRODUCTION
INSERT INTO ModifierArguments (ModifierId,Name,Value,Extra) VALUES ('TRAIT_GDG_MILITARY_AIR_FIGHTER_MODERN_PRODUCTION','UnitPromotionClass','PROMOTION_CLASS_AIR_FIGHTER',-1);	
INSERT INTO ModifierArguments (ModifierId,Name,Value,Extra) VALUES ('TRAIT_GDG_MILITARY_AIR_FIGHTER_MODERN_PRODUCTION','EraType','ERA_MODERN',-1);	
INSERT INTO ModifierArguments (ModifierId,Name,Value,Extra) VALUES ('TRAIT_GDG_MILITARY_AIR_FIGHTER_MODERN_PRODUCTION','Amount',100,-1);	
INSERT INTO ModifierArguments (ModifierId,Name,Value,Extra) VALUES ('TRAIT_GDG_MILITARY_AIR_FIGHTER_ATOMIC_PRODUCTION','UnitPromotionClass','PROMOTION_CLASS_AIR_FIGHTER',-1);	
INSERT INTO ModifierArguments (ModifierId,Name,Value,Extra) VALUES ('TRAIT_GDG_MILITARY_AIR_FIGHTER_ATOMIC_PRODUCTION','EraType','ERA_MODERN',-1);	
INSERT INTO ModifierArguments (ModifierId,Name,Value,Extra) VALUES ('TRAIT_GDG_MILITARY_AIR_FIGHTER_ATOMIC_PRODUCTION','Amount',100,-1);	
INSERT INTO ModifierArguments (ModifierId,Name,Value,Extra) VALUES ('TRAIT_GDG_MILITARY_AIR_FIGHTER_INFORMATION_PRODUCTION','UnitPromotionClass','PROMOTION_CLASS_AIR_FIGHTER',-1);	
INSERT INTO ModifierArguments (ModifierId,Name,Value,Extra) VALUES ('TRAIT_GDG_MILITARY_AIR_FIGHTER_INFORMATION_PRODUCTION','EraType','ERA_MODERN',-1);	
INSERT INTO ModifierArguments (ModifierId,Name,Value,Extra) VALUES ('TRAIT_GDG_MILITARY_AIR_FIGHTER_INFORMATION_PRODUCTION','Amount',100,-1);	

-- FOR FUTURE USE
-- INSERT INTO ModifierArguments (ModifierId,Name,Value) VALUES ('','','');	
-- INSERT INTO ModifierArguments (ModifierId,Name,Value,Extra) VALUES ('','','',-1);	

-- START OF MILITARY AIR_FIGHTER PRODUCTION
INSERT INTO Traits (TraitType,Name,Description) VALUES ('TRAIT_GDG_CIVILIZATION_ONEFORALL_MILITARY_AIR_FIGHTER_PROD','LOC_TRAIT_GDG_CIVILIZATION_FASTER_BORDER_GROWTH_NAME','LOC_TRAIT_GDG_CIVILIZATION_FASTER_BORDER_GROWTH_DESCRIPTION');	

-- START OF MILITARY AIR_FIGHTER PRODUCTION
INSERT INTO TraitModifiers (TraitType,ModifierId) VALUES ('TRAIT_GDG_CIVILIZATION_ONEFORALL_MILITARY_AIR_FIGHTER_PROD','TRAIT_GDG_MILITARY_AIR_FIGHTER_MODERN_PRODUCTION');	
INSERT INTO TraitModifiers (TraitType,ModifierId) VALUES ('TRAIT_GDG_CIVILIZATION_ONEFORALL_MILITARY_AIR_FIGHTER_PROD','TRAIT_GDG_MILITARY_AIR_FIGHTER_ATOMIC_PRODUCTION');	
INSERT INTO TraitModifiers (TraitType,ModifierId) VALUES ('TRAIT_GDG_CIVILIZATION_ONEFORALL_MILITARY_AIR_FIGHTER_PROD','TRAIT_GDG_MILITARY_AIR_FIGHTER_INFORMATION_PRODUCTION');
	

