-- Types
INSERT INTO Types (Type,Kind) VALUES ('TRAIT_GDG_CIVILIZATION_BUILDING_PRODUCTION','KIND_TRAIT');

--Modifiers
INSERT INTO Modifiers (ModifierId,ModifierType) VALUES ('TRAIT_CIVILIZATION_GDG_AIRPORT_PRODUCTION','MODIFIER_PLAYER_CITIES_ADJUST_BUILDING_PRODUCTION');
INSERT INTO Modifiers (ModifierId,ModifierType) VALUES ('TRAIT_CIVILIZATION_GDG_AMPHITHEATER_PRODUCTION','MODIFIER_PLAYER_CITIES_ADJUST_BUILDING_PRODUCTION');
INSERT INTO Modifiers (ModifierId,ModifierType) VALUES ('TRAIT_CIVILIZATION_GDG_ARENA_PRODUCTION','MODIFIER_PLAYER_CITIES_ADJUST_BUILDING_PRODUCTION');
INSERT INTO Modifiers (ModifierId,ModifierType) VALUES ('TRAIT_CIVILIZATION_GDG_ARMORY_PRODUCTION','MODIFIER_PLAYER_CITIES_ADJUST_BUILDING_PRODUCTION');
INSERT INTO Modifiers (ModifierId,ModifierType) VALUES ('TRAIT_CIVILIZATION_GDG_BANK_PRODUCTION','MODIFIER_PLAYER_CITIES_ADJUST_BUILDING_PRODUCTION');
INSERT INTO Modifiers (ModifierId,ModifierType) VALUES ('TRAIT_CIVILIZATION_GDG_BARRACKS_PRODUCTION','MODIFIER_PLAYER_CITIES_ADJUST_BUILDING_PRODUCTION');
INSERT INTO Modifiers (ModifierId,ModifierType) VALUES ('TRAIT_CIVILIZATION_GDG_FACTORY_PRODUCTION','MODIFIER_PLAYER_CITIES_ADJUST_BUILDING_PRODUCTION');
INSERT INTO Modifiers (ModifierId,ModifierType) VALUES ('TRAIT_CIVILIZATION_GDG_GRANARY_PRODUCTION','MODIFIER_PLAYER_CITIES_ADJUST_BUILDING_PRODUCTION');
INSERT INTO Modifiers (ModifierId,ModifierType) VALUES ('TRAIT_CIVILIZATION_GDG_HANGAR_PRODUCTION','MODIFIER_PLAYER_CITIES_ADJUST_BUILDING_PRODUCTION');
INSERT INTO Modifiers (ModifierId,ModifierType) VALUES ('TRAIT_CIVILIZATION_GDG_LIBRARY_PRODUCTION','MODIFIER_PLAYER_CITIES_ADJUST_BUILDING_PRODUCTION');
INSERT INTO Modifiers (ModifierId,ModifierType) VALUES ('TRAIT_CIVILIZATION_GDG_LIGHTHOUSE_PRODUCTION','MODIFIER_PLAYER_CITIES_ADJUST_BUILDING_PRODUCTION');
INSERT INTO Modifiers (ModifierId,ModifierType) VALUES ('TRAIT_CIVILIZATION_GDG_MADRASA_PRODUCTION','MODIFIER_PLAYER_CITIES_ADJUST_BUILDING_PRODUCTION');
INSERT INTO Modifiers (ModifierId,ModifierType) VALUES ('TRAIT_CIVILIZATION_GDG_MARKET_PRODUCTION','MODIFIER_PLAYER_CITIES_ADJUST_BUILDING_PRODUCTION');
INSERT INTO Modifiers (ModifierId,ModifierType) VALUES ('TRAIT_CIVILIZATION_GDG_MILITARY_ACADEMY_PRODUCTION','MODIFIER_PLAYER_CITIES_ADJUST_BUILDING_PRODUCTION');
INSERT INTO Modifiers (ModifierId,ModifierType) VALUES ('TRAIT_CIVILIZATION_GDG_MUSEUM_ART_PRODUCTION','MODIFIER_PLAYER_CITIES_ADJUST_BUILDING_PRODUCTION');
INSERT INTO Modifiers (ModifierId,ModifierType) VALUES ('TRAIT_CIVILIZATION_GDG_MUSEUM_ARTIFACT_PRODUCTION','MODIFIER_PLAYER_CITIES_ADJUST_BUILDING_PRODUCTION');
INSERT INTO Modifiers (ModifierId,ModifierType) VALUES ('TRAIT_CIVILIZATION_GDG_POWER_PLANT_PRODUCTION','MODIFIER_PLAYER_CITIES_ADJUST_BUILDING_PRODUCTION');
INSERT INTO Modifiers (ModifierId,ModifierType) VALUES ('TRAIT_CIVILIZATION_GDG_RESEARCH_LAB_PRODUCTION','MODIFIER_PLAYER_CITIES_ADJUST_BUILDING_PRODUCTION');
INSERT INTO Modifiers (ModifierId,ModifierType) VALUES ('TRAIT_CIVILIZATION_GDG_SEAPORT_PRODUCTION','MODIFIER_PLAYER_CITIES_ADJUST_BUILDING_PRODUCTION');
INSERT INTO Modifiers (ModifierId,ModifierType) VALUES ('TRAIT_CIVILIZATION_GDG_SEWER_PRODUCTION','MODIFIER_PLAYER_CITIES_ADJUST_BUILDING_PRODUCTION');
INSERT INTO Modifiers (ModifierId,ModifierType) VALUES ('TRAIT_CIVILIZATION_GDG_SHIPYARD_PRODUCTION','MODIFIER_PLAYER_CITIES_ADJUST_BUILDING_PRODUCTION');
INSERT INTO Modifiers (ModifierId,ModifierType) VALUES ('TRAIT_CIVILIZATION_GDG_SHRINE_PRODUCTION','MODIFIER_PLAYER_CITIES_ADJUST_BUILDING_PRODUCTION');
INSERT INTO Modifiers (ModifierId,ModifierType) VALUES ('TRAIT_CIVILIZATION_GDG_STABLE_PRODUCTION','MODIFIER_PLAYER_CITIES_ADJUST_BUILDING_PRODUCTION');
INSERT INTO Modifiers (ModifierId,ModifierType) VALUES ('TRAIT_CIVILIZATION_GDG_STADIUM_PRODUCTION','MODIFIER_PLAYER_CITIES_ADJUST_BUILDING_PRODUCTION');
INSERT INTO Modifiers (ModifierId,ModifierType) VALUES ('TRAIT_CIVILIZATION_GDG_TEMPLE_PRODUCTION','MODIFIER_PLAYER_CITIES_ADJUST_BUILDING_PRODUCTION');
INSERT INTO Modifiers (ModifierId,ModifierType) VALUES ('TRAIT_CIVILIZATION_GDG_UNIVERSITY_PRODUCTION','MODIFIER_PLAYER_CITIES_ADJUST_BUILDING_PRODUCTION');
INSERT INTO Modifiers (ModifierId,ModifierType) VALUES ('TRAIT_CIVILIZATION_GDG_WALLS_PRODUCTION','MODIFIER_PLAYER_CITIES_ADJUST_BUILDING_PRODUCTION');
INSERT INTO Modifiers (ModifierId,ModifierType) VALUES ('TRAIT_CIVILIZATION_GDG_WATER_MILL_PRODUCTION','MODIFIER_PLAYER_CITIES_ADJUST_BUILDING_PRODUCTION');
INSERT INTO Modifiers (ModifierId,ModifierType) VALUES ('TRAIT_CIVILIZATION_GDG_WORKSHOP_PRODUCTION','MODIFIER_PLAYER_CITIES_ADJUST_BUILDING_PRODUCTION');
INSERT INTO Modifiers (ModifierId,ModifierType) VALUES ('TRAIT_CIVILIZATION_GDG_ZOO_PRODUCTION','MODIFIER_PLAYER_CITIES_ADJUST_BUILDING_PRODUCTION');
INSERT INTO Modifiers (ModifierId,ModifierType) VALUES ('TRAIT_CIVILIZATION_GDG_LARGE_ROCKET_PRODUCTION','MODIFIER_PLAYER_CITIES_ADJUST_BUILDING_PRODUCTION');
INSERT INTO Modifiers (ModifierId,ModifierType) VALUES ('TRAIT_CIVILIZATION_GDG_MEDIUM_ROCKET_PRODUCTION','MODIFIER_PLAYER_CITIES_ADJUST_BUILDING_PRODUCTION');
INSERT INTO Modifiers (ModifierId,ModifierType) VALUES ('TRAIT_CIVILIZATION_GDG_SMALL_ROCKET_PRODUCTION','MODIFIER_PLAYER_CITIES_ADJUST_BUILDING_PRODUCTION');
--Modifier Arguments
INSERT INTO ModifierArguments (ModifierId,Name,Value) VALUES ('TRAIT_CIVILIZATION_GDG_AIRPORT_PRODUCTION','BuildingType','BUILDING_AIRPORT');
INSERT INTO ModifierArguments (ModifierId,Name,Value) VALUES ('TRAIT_CIVILIZATION_GDG_AIRPORT_PRODUCTION','Amount',80);
INSERT INTO ModifierArguments (ModifierId,Name,Value) VALUES ('TRAIT_CIVILIZATION_GDG_AMPHITHEATER_PRODUCTION','BuildingType','BUILDING_AMPHITHEATER');
INSERT INTO ModifierArguments (ModifierId,Name,Value) VALUES ('TRAIT_CIVILIZATION_GDG_AMPHITHEATER_PRODUCTION','Amount',80);
INSERT INTO ModifierArguments (ModifierId,Name,Value) VALUES ('TRAIT_CIVILIZATION_GDG_ARENA_PRODUCTION','BuildingType','BUILDING_ARENA');
INSERT INTO ModifierArguments (ModifierId,Name,Value) VALUES ('TRAIT_CIVILIZATION_GDG_ARENA_PRODUCTION','Amount',80);
INSERT INTO ModifierArguments (ModifierId,Name,Value) VALUES ('TRAIT_CIVILIZATION_GDG_ARMORY_PRODUCTION','BuildingType','BUILDING_ARMORY');
INSERT INTO ModifierArguments (ModifierId,Name,Value) VALUES ('TRAIT_CIVILIZATION_GDG_ARMORY_PRODUCTION','Amount',80);
INSERT INTO ModifierArguments (ModifierId,Name,Value) VALUES ('TRAIT_CIVILIZATION_GDG_BANK_PRODUCTION','BuildingType','BUILDING_BANK');
INSERT INTO ModifierArguments (ModifierId,Name,Value) VALUES ('TRAIT_CIVILIZATION_GDG_BANK_PRODUCTION','Amount',80);
INSERT INTO ModifierArguments (ModifierId,Name,Value) VALUES ('TRAIT_CIVILIZATION_GDG_BARRACKS_PRODUCTION','BuildingType','BUILDING_BARRACKS');
INSERT INTO ModifierArguments (ModifierId,Name,Value) VALUES ('TRAIT_CIVILIZATION_GDG_BARRACKS_PRODUCTION','Amount',80);
INSERT INTO ModifierArguments (ModifierId,Name,Value) VALUES ('TRAIT_CIVILIZATION_GDG_FACTORY_PRODUCTION','BuildingType','BUILDING_FACTORY');
INSERT INTO ModifierArguments (ModifierId,Name,Value) VALUES ('TRAIT_CIVILIZATION_GDG_FACTORY_PRODUCTION','Amount',80);
INSERT INTO ModifierArguments (ModifierId,Name,Value) VALUES ('TRAIT_CIVILIZATION_GDG_GRANARY_PRODUCTION','BuildingType','BUILDING_GRANARY');
INSERT INTO ModifierArguments (ModifierId,Name,Value) VALUES ('TRAIT_CIVILIZATION_GDG_GRANARY_PRODUCTION','Amount',80);
INSERT INTO ModifierArguments (ModifierId,Name,Value) VALUES ('TRAIT_CIVILIZATION_GDG_HANGAR_PRODUCTION','BuildingType','BUILDING_HANGAR');
INSERT INTO ModifierArguments (ModifierId,Name,Value) VALUES ('TRAIT_CIVILIZATION_GDG_HANGAR_PRODUCTION','Amount',80);
INSERT INTO ModifierArguments (ModifierId,Name,Value) VALUES ('TRAIT_CIVILIZATION_GDG_LIBRARY_PRODUCTION','BuildingType','BUILDING_LIBRARY');
INSERT INTO ModifierArguments (ModifierId,Name,Value) VALUES ('TRAIT_CIVILIZATION_GDG_LIBRARY_PRODUCTION','Amount',80);
INSERT INTO ModifierArguments (ModifierId,Name,Value) VALUES ('TRAIT_CIVILIZATION_GDG_LIGHTHOUSE_PRODUCTION','BuildingType','BUILDING_LIGHTHOUSE');
INSERT INTO ModifierArguments (ModifierId,Name,Value) VALUES ('TRAIT_CIVILIZATION_GDG_LIGHTHOUSE_PRODUCTION','Amount',80);
INSERT INTO ModifierArguments (ModifierId,Name,Value) VALUES ('TRAIT_CIVILIZATION_GDG_MADRASA_PRODUCTION','BuildingType','BUILDING_MADRASA');
INSERT INTO ModifierArguments (ModifierId,Name,Value) VALUES ('TRAIT_CIVILIZATION_GDG_MADRASA_PRODUCTION','Amount',80);
INSERT INTO ModifierArguments (ModifierId,Name,Value) VALUES ('TRAIT_CIVILIZATION_GDG_MARKET_PRODUCTION','BuildingType','BUILDING_MARKET');
INSERT INTO ModifierArguments (ModifierId,Name,Value) VALUES ('TRAIT_CIVILIZATION_GDG_MARKET_PRODUCTION','Amount',80);
INSERT INTO ModifierArguments (ModifierId,Name,Value) VALUES ('TRAIT_CIVILIZATION_GDG_MILITARY_ACADEMY_PRODUCTION','BuildingType','BUILDING_MILITARY_ACADEMY');
INSERT INTO ModifierArguments (ModifierId,Name,Value) VALUES ('TRAIT_CIVILIZATION_GDG_MILITARY_ACADEMY_PRODUCTION','Amount',80);
INSERT INTO ModifierArguments (ModifierId,Name,Value) VALUES ('TRAIT_CIVILIZATION_GDG_MUSEUM_ART_PRODUCTION','BuildingType','BUILDING_MUSEUM_ART');
INSERT INTO ModifierArguments (ModifierId,Name,Value) VALUES ('TRAIT_CIVILIZATION_GDG_MUSEUM_ART_PRODUCTION','Amount',80);
INSERT INTO ModifierArguments (ModifierId,Name,Value) VALUES ('TRAIT_CIVILIZATION_GDG_MUSEUM_ARTIFACT_PRODUCTION','BuildingType','BUILDING_MUSEUM_ARTIFACT');
INSERT INTO ModifierArguments (ModifierId,Name,Value) VALUES ('TRAIT_CIVILIZATION_GDG_MUSEUM_ARTIFACT_PRODUCTION','Amount',80);
INSERT INTO ModifierArguments (ModifierId,Name,Value) VALUES ('TRAIT_CIVILIZATION_GDG_POWER_PLANT_PRODUCTION','BuildingType','BUILDING_POWER_PLANT');
INSERT INTO ModifierArguments (ModifierId,Name,Value) VALUES ('TRAIT_CIVILIZATION_GDG_POWER_PLANT_PRODUCTION','Amount',80);
INSERT INTO ModifierArguments (ModifierId,Name,Value) VALUES ('TRAIT_CIVILIZATION_GDG_RESEARCH_LAB_PRODUCTION','BuildingType','BUILDING_RESEARCH_LAB');
INSERT INTO ModifierArguments (ModifierId,Name,Value) VALUES ('TRAIT_CIVILIZATION_GDG_RESEARCH_LAB_PRODUCTION','Amount',80);
INSERT INTO ModifierArguments (ModifierId,Name,Value) VALUES ('TRAIT_CIVILIZATION_GDG_SEAPORT_PRODUCTION','BuildingType','BUILDING_SEAPORT');
INSERT INTO ModifierArguments (ModifierId,Name,Value) VALUES ('TRAIT_CIVILIZATION_GDG_SEAPORT_PRODUCTION','Amount',80);
INSERT INTO ModifierArguments (ModifierId,Name,Value) VALUES ('TRAIT_CIVILIZATION_GDG_SEWER_PRODUCTION','BuildingType','BUILDING_SEWER');
INSERT INTO ModifierArguments (ModifierId,Name,Value) VALUES ('TRAIT_CIVILIZATION_GDG_SEWER_PRODUCTION','Amount',80);
INSERT INTO ModifierArguments (ModifierId,Name,Value) VALUES ('TRAIT_CIVILIZATION_GDG_SHIPYARD_PRODUCTION','BuildingType','BUILDING_SHIPYARD');
INSERT INTO ModifierArguments (ModifierId,Name,Value) VALUES ('TRAIT_CIVILIZATION_GDG_SHIPYARD_PRODUCTION','Amount',80);
INSERT INTO ModifierArguments (ModifierId,Name,Value) VALUES ('TRAIT_CIVILIZATION_GDG_SHRINE_PRODUCTION','BuildingType','BUILDING_SHRINE');
INSERT INTO ModifierArguments (ModifierId,Name,Value) VALUES ('TRAIT_CIVILIZATION_GDG_SHRINE_PRODUCTION','Amount',80);
INSERT INTO ModifierArguments (ModifierId,Name,Value) VALUES ('TRAIT_CIVILIZATION_GDG_STABLE_PRODUCTION','BuildingType','BUILDING_STABLE');
INSERT INTO ModifierArguments (ModifierId,Name,Value) VALUES ('TRAIT_CIVILIZATION_GDG_STABLE_PRODUCTION','Amount',80);
INSERT INTO ModifierArguments (ModifierId,Name,Value) VALUES ('TRAIT_CIVILIZATION_GDG_STADIUM_PRODUCTION','BuildingType','BUILDING_STADIUM');
INSERT INTO ModifierArguments (ModifierId,Name,Value) VALUES ('TRAIT_CIVILIZATION_GDG_STADIUM_PRODUCTION','Amount',80);
INSERT INTO ModifierArguments (ModifierId,Name,Value) VALUES ('TRAIT_CIVILIZATION_GDG_TEMPLE_PRODUCTION','BuildingType','BUILDING_TEMPLE');
INSERT INTO ModifierArguments (ModifierId,Name,Value) VALUES ('TRAIT_CIVILIZATION_GDG_TEMPLE_PRODUCTION','Amount',80);
INSERT INTO ModifierArguments (ModifierId,Name,Value) VALUES ('TRAIT_CIVILIZATION_GDG_UNIVERSITY_PRODUCTION','BuildingType','BUILDING_UNIVERSITY');
INSERT INTO ModifierArguments (ModifierId,Name,Value) VALUES ('TRAIT_CIVILIZATION_GDG_UNIVERSITY_PRODUCTION','Amount',80);
INSERT INTO ModifierArguments (ModifierId,Name,Value) VALUES ('TRAIT_CIVILIZATION_GDG_WALLS_PRODUCTION','BuildingType','BUILDING_WALLS');
INSERT INTO ModifierArguments (ModifierId,Name,Value) VALUES ('TRAIT_CIVILIZATION_GDG_WALLS_PRODUCTION','Amount',80);
INSERT INTO ModifierArguments (ModifierId,Name,Value) VALUES ('TRAIT_CIVILIZATION_GDG_WATER_MILL_PRODUCTION','BuildingType','BUILDING_WATER_MILL');
INSERT INTO ModifierArguments (ModifierId,Name,Value) VALUES ('TRAIT_CIVILIZATION_GDG_WATER_MILL_PRODUCTION','Amount',80);
INSERT INTO ModifierArguments (ModifierId,Name,Value) VALUES ('TRAIT_CIVILIZATION_GDG_WORKSHOP_PRODUCTION','BuildingType','BUILDING_WORKSHOP');
INSERT INTO ModifierArguments (ModifierId,Name,Value) VALUES ('TRAIT_CIVILIZATION_GDG_WORKSHOP_PRODUCTION','Amount',80);
INSERT INTO ModifierArguments (ModifierId,Name,Value) VALUES ('TRAIT_CIVILIZATION_GDG_ZOO_PRODUCTION','BuildingType','BUILDING_ZOO');
INSERT INTO ModifierArguments (ModifierId,Name,Value) VALUES ('TRAIT_CIVILIZATION_GDG_ZOO_PRODUCTION','Amount',80);
INSERT INTO ModifierArguments (ModifierId,Name,Value) VALUES ('TRAIT_CIVILIZATION_GDG_LARGE_ROCKET_PRODUCTION','BuildingType','BUILDING_LARGE_ROCKET');
INSERT INTO ModifierArguments (ModifierId,Name,Value) VALUES ('TRAIT_CIVILIZATION_GDG_LARGE_ROCKET_PRODUCTION','Amount',80);
INSERT INTO ModifierArguments (ModifierId,Name,Value) VALUES ('TRAIT_CIVILIZATION_GDG_MEDIUM_ROCKET_PRODUCTION','BuildingType','BUILDING_MEDIUM_ROCKET');
INSERT INTO ModifierArguments (ModifierId,Name,Value) VALUES ('TRAIT_CIVILIZATION_GDG_MEDIUM_ROCKET_PRODUCTION','Amount',80);
INSERT INTO ModifierArguments (ModifierId,Name,Value) VALUES ('TRAIT_CIVILIZATION_GDG_SMALL_ROCKET_PRODUCTION','BuildingType','BUILDING_SMALL_ROCKET');
INSERT INTO ModifierArguments (ModifierId,Name,Value) VALUES ('TRAIT_CIVILIZATION_GDG_SMALL_ROCKET_PRODUCTION','Amount',80);


--Traits
INSERT INTO Traits (TraitType,Name,Description) VALUES ('TRAIT_GDG_CIVILIZATION_BUILDING_PRODUCTION','LOC_TRAIT_CIVILIZATION_EXTRA_LIGHT_CAVALRY_NAME','LOC_TRAIT_CIVILIZATION_EXTRA_LIGHT_CAVALRY_DESCRIPTION');	

--TraitModifiers
INSERT INTO TraitModifiers (TraitType,ModifierId) VALUES ('TRAIT_GDG_CIVILIZATION_BUILDING_PRODUCTION','TRAIT_CIVILIZATION_GDG_AIRPORT_PRODUCTION');
INSERT INTO TraitModifiers (TraitType,ModifierId) VALUES ('TRAIT_GDG_CIVILIZATION_BUILDING_PRODUCTION','TRAIT_CIVILIZATION_GDG_AMPHITHEATER_PRODUCTION');
INSERT INTO TraitModifiers (TraitType,ModifierId) VALUES ('TRAIT_GDG_CIVILIZATION_BUILDING_PRODUCTION','TRAIT_CIVILIZATION_GDG_ARENA_PRODUCTION');
INSERT INTO TraitModifiers (TraitType,ModifierId) VALUES ('TRAIT_GDG_CIVILIZATION_BUILDING_PRODUCTION','TRAIT_CIVILIZATION_GDG_ARMORY_PRODUCTION');
INSERT INTO TraitModifiers (TraitType,ModifierId) VALUES ('TRAIT_GDG_CIVILIZATION_BUILDING_PRODUCTION','TRAIT_CIVILIZATION_GDG_BANK_PRODUCTION');
INSERT INTO TraitModifiers (TraitType,ModifierId) VALUES ('TRAIT_GDG_CIVILIZATION_BUILDING_PRODUCTION','TRAIT_CIVILIZATION_GDG_BARRACKS_PRODUCTION');
INSERT INTO TraitModifiers (TraitType,ModifierId) VALUES ('TRAIT_GDG_CIVILIZATION_BUILDING_PRODUCTION','TRAIT_CIVILIZATION_GDG_FACTORY_PRODUCTION');
INSERT INTO TraitModifiers (TraitType,ModifierId) VALUES ('TRAIT_GDG_CIVILIZATION_BUILDING_PRODUCTION','TRAIT_CIVILIZATION_GDG_GRANARY_PRODUCTION');
INSERT INTO TraitModifiers (TraitType,ModifierId) VALUES ('TRAIT_GDG_CIVILIZATION_BUILDING_PRODUCTION','TRAIT_CIVILIZATION_GDG_HANGAR_PRODUCTION');
INSERT INTO TraitModifiers (TraitType,ModifierId) VALUES ('TRAIT_GDG_CIVILIZATION_BUILDING_PRODUCTION','TRAIT_CIVILIZATION_GDG_LIBRARY_PRODUCTION');
INSERT INTO TraitModifiers (TraitType,ModifierId) VALUES ('TRAIT_GDG_CIVILIZATION_BUILDING_PRODUCTION','TRAIT_CIVILIZATION_GDG_LIGHTHOUSE_PRODUCTION');
INSERT INTO TraitModifiers (TraitType,ModifierId) VALUES ('TRAIT_GDG_CIVILIZATION_BUILDING_PRODUCTION','TRAIT_CIVILIZATION_GDG_MADRASA_PRODUCTION');
INSERT INTO TraitModifiers (TraitType,ModifierId) VALUES ('TRAIT_GDG_CIVILIZATION_BUILDING_PRODUCTION','TRAIT_CIVILIZATION_GDG_MARKET_PRODUCTION');
INSERT INTO TraitModifiers (TraitType,ModifierId) VALUES ('TRAIT_GDG_CIVILIZATION_BUILDING_PRODUCTION','TRAIT_CIVILIZATION_GDG_MILITARY_ACADEMY_PRODUCTION');
INSERT INTO TraitModifiers (TraitType,ModifierId) VALUES ('TRAIT_GDG_CIVILIZATION_BUILDING_PRODUCTION','TRAIT_CIVILIZATION_GDG_MUSEUM_ART_PRODUCTION');
INSERT INTO TraitModifiers (TraitType,ModifierId) VALUES ('TRAIT_GDG_CIVILIZATION_BUILDING_PRODUCTION','TRAIT_CIVILIZATION_GDG_MUSEUM_ARTIFACT_PRODUCTION');
INSERT INTO TraitModifiers (TraitType,ModifierId) VALUES ('TRAIT_GDG_CIVILIZATION_BUILDING_PRODUCTION','TRAIT_CIVILIZATION_GDG_POWER_PLANT_PRODUCTION');
INSERT INTO TraitModifiers (TraitType,ModifierId) VALUES ('TRAIT_GDG_CIVILIZATION_BUILDING_PRODUCTION','TRAIT_CIVILIZATION_GDG_RESEARCH_LAB_PRODUCTION');
INSERT INTO TraitModifiers (TraitType,ModifierId) VALUES ('TRAIT_GDG_CIVILIZATION_BUILDING_PRODUCTION','TRAIT_CIVILIZATION_GDG_SEAPORT_PRODUCTION');
INSERT INTO TraitModifiers (TraitType,ModifierId) VALUES ('TRAIT_GDG_CIVILIZATION_BUILDING_PRODUCTION','TRAIT_CIVILIZATION_GDG_SEWER_PRODUCTION');
INSERT INTO TraitModifiers (TraitType,ModifierId) VALUES ('TRAIT_GDG_CIVILIZATION_BUILDING_PRODUCTION','TRAIT_CIVILIZATION_GDG_SHIPYARD_PRODUCTION');
INSERT INTO TraitModifiers (TraitType,ModifierId) VALUES ('TRAIT_GDG_CIVILIZATION_BUILDING_PRODUCTION','TRAIT_CIVILIZATION_GDG_SHRINE_PRODUCTION');
INSERT INTO TraitModifiers (TraitType,ModifierId) VALUES ('TRAIT_GDG_CIVILIZATION_BUILDING_PRODUCTION','TRAIT_CIVILIZATION_GDG_STABLE_PRODUCTION');
INSERT INTO TraitModifiers (TraitType,ModifierId) VALUES ('TRAIT_GDG_CIVILIZATION_BUILDING_PRODUCTION','TRAIT_CIVILIZATION_GDG_STADIUM_PRODUCTION');
INSERT INTO TraitModifiers (TraitType,ModifierId) VALUES ('TRAIT_GDG_CIVILIZATION_BUILDING_PRODUCTION','TRAIT_CIVILIZATION_GDG_TEMPLE_PRODUCTION');
INSERT INTO TraitModifiers (TraitType,ModifierId) VALUES ('TRAIT_GDG_CIVILIZATION_BUILDING_PRODUCTION','TRAIT_CIVILIZATION_GDG_UNIVERSITY_PRODUCTION');
INSERT INTO TraitModifiers (TraitType,ModifierId) VALUES ('TRAIT_GDG_CIVILIZATION_BUILDING_PRODUCTION','TRAIT_CIVILIZATION_GDG_WALLS_PRODUCTION');
INSERT INTO TraitModifiers (TraitType,ModifierId) VALUES ('TRAIT_GDG_CIVILIZATION_BUILDING_PRODUCTION','TRAIT_CIVILIZATION_GDG_WATER_MILL_PRODUCTION');
INSERT INTO TraitModifiers (TraitType,ModifierId) VALUES ('TRAIT_GDG_CIVILIZATION_BUILDING_PRODUCTION','TRAIT_CIVILIZATION_GDG_WORKSHOP_PRODUCTION');
INSERT INTO TraitModifiers (TraitType,ModifierId) VALUES ('TRAIT_GDG_CIVILIZATION_BUILDING_PRODUCTION','TRAIT_CIVILIZATION_GDG_ZOO_PRODUCTION');
INSERT INTO TraitModifiers (TraitType,ModifierId) VALUES ('TRAIT_GDG_CIVILIZATION_BUILDING_PRODUCTION','TRAIT_CIVILIZATION_GDG_LARGE_ROCKET_PRODUCTION');
INSERT INTO TraitModifiers (TraitType,ModifierId) VALUES ('TRAIT_GDG_CIVILIZATION_BUILDING_PRODUCTION','TRAIT_CIVILIZATION_GDG_MEDIUM_ROCKET_PRODUCTION');
INSERT INTO TraitModifiers (TraitType,ModifierId) VALUES ('TRAIT_GDG_CIVILIZATION_BUILDING_PRODUCTION','TRAIT_CIVILIZATION_GDG_SMALL_ROCKET_PRODUCTION');


