<?xml version="1.0" encoding="utf-8"?>
<GameData>
	<BaseGameText>
		<Row Tag="LOC_TRAIT_CIVILIZATION_EXTRA_MELEEE_UNIT_NAME">
			<Text>Extra Melee Units</Text>
		</Row>
		<Row Tag="LOC_TRAIT_CIVILIZATION_EXTRA_MELEEE_UNIT_DESCRIPTION">
			<Text>Provides another set of melee units.</Text>
		</Row>
		<Row Tag="LOC_TRAIT_CIVILIZATION_EXTRA_HEAVY_CAVALRY_NAME">
			<Text>Extra Heavy Calvalry Units</Text>
		</Row>
		<Row Tag="LOC_TRAIT_CIVILIZATION_EXTRA_HEAVY_CAVALRY_DESCRIPTION">
			<Text>Provides another set of heavy calvalry units.</Text>
		</Row>
	</BaseGameText>
</GameData>