<?xml version="1.0" encoding="utf-8"?>
<GameData>
	<CivilizationTraits>
		<Row CivilizationType="CIVILIZATION_AMERICA" TraitType="TRAIT_CIVILIZATION_ALL_ROADS_TO_ROME"/>
		<Row CivilizationType="CIVILIZATION_ARABIA" TraitType="TRAIT_CIVILIZATION_ALL_ROADS_TO_ROME"/>
		<Row CivilizationType="CIVILIZATION_BRAZIL" TraitType="TRAIT_CIVILIZATION_ALL_ROADS_TO_ROME"/>
		<Row CivilizationType="CIVILIZATION_CHINA" TraitType="TRAIT_CIVILIZATION_ALL_ROADS_TO_ROME"/>
		<Row CivilizationType="CIVILIZATION_EGYPT" TraitType="TRAIT_CIVILIZATION_ALL_ROADS_TO_ROME"/>
		<Row CivilizationType="CIVILIZATION_ENGLAND" TraitType="TRAIT_CIVILIZATION_ALL_ROADS_TO_ROME"/>
		<Row CivilizationType="CIVILIZATION_FRANCE" TraitType="TRAIT_CIVILIZATION_ALL_ROADS_TO_ROME"/>
		<Row CivilizationType="CIVILIZATION_GERMANY" TraitType="TRAIT_CIVILIZATION_ALL_ROADS_TO_ROME"/>
		<Row CivilizationType="CIVILIZATION_GREECE" TraitType="TRAIT_CIVILIZATION_ALL_ROADS_TO_ROME"/>
		<Row CivilizationType="CIVILIZATION_INDIA" TraitType="TRAIT_CIVILIZATION_ALL_ROADS_TO_ROME"/>
		<Row CivilizationType="CIVILIZATION_JAPAN" TraitType="TRAIT_CIVILIZATION_ALL_ROADS_TO_ROME"/>
		<Row CivilizationType="CIVILIZATION_KONGO" TraitType="TRAIT_CIVILIZATION_ALL_ROADS_TO_ROME"/>
		<Row CivilizationType="CIVILIZATION_NORWAY" TraitType="TRAIT_CIVILIZATION_ALL_ROADS_TO_ROME"/>
		<Row CivilizationType="CIVILIZATION_RUSSIA" TraitType="TRAIT_CIVILIZATION_ALL_ROADS_TO_ROME"/>
		<Row CivilizationType="CIVILIZATION_SCYTHIA" TraitType="TRAIT_CIVILIZATION_ALL_ROADS_TO_ROME"/>
		<Row CivilizationType="CIVILIZATION_SPAIN" TraitType="TRAIT_CIVILIZATION_ALL_ROADS_TO_ROME"/>
		<Row CivilizationType="CIVILIZATION_SUMERIA" TraitType="TRAIT_CIVILIZATION_ALL_ROADS_TO_ROME"/>
		<Row CivilizationType="CIVILIZATION_ROME" TraitType="TRAIT_LEADER_PAX_BRITANNICA"/>
		<Row CivilizationType="CIVILIZATION_AZTEC" TraitType="TRAIT_CIVILIZATION_ALL_ROADS_TO_ROME"/>
		<!--<Row CivilizationType="CIVILIZATION_ROME" TraitType="TRAIT_CIVILIZATION_ALL_ROADS_TO_ROME"/>-->
	</CivilizationTraits>
</GameData>