INSERT INTO Types (Type,Kind) VALUES 
	--TRAITS
	('GDG_RECREATE','KIND_TRAIT'),
	
	('GDG_FOUNDING_FATHERS','KIND_TRAIT'),
	('GDG_LAST_PROPHET','KIND_TRAIT'),
	('GDG_AMAZON','KIND_TRAIT'),
	('GDG_DYNASTIC_CYCLE','KIND_TRAIT'),
	('GDG_ITERU','KIND_TRAIT'),
	('GDG_DOUBLE_ARCHAEOLOGY_SLOTS','KIND_TRAIT'),
	('GDG_IMPERIAL_FREE_CITIES','KIND_TRAIT'),
	('GDG_PLATOS_REPUBLIC','KIND_TRAIT'),
	('GDG_DHARMA','KIND_TRAIT'),
	('GDG_ADJACENT_DISTRICTS','KIND_TRAIT'),
	('GDG_NKISI','KIND_TRAIT'),
	('GDG_DOUBLE_CULTURE_BUILDINGS','KIND_TRAIT'),
	('GDG_ALL_ROADS_TO_ROME','KIND_TRAIT'),
	('GDG_MOTHER_RUSSIA','KIND_TRAIT'),
	('GDG_EXTRA_LIGHT_CAVALRY','KIND_TRAIT'),
	('GDG_TREASURE_FLEET','KIND_TRAIT'),
	('GDG_FIRST_CIVILIZATION','KIND_TRAIT'),
	('GDG_WONDER_TOURISM','KIND_TRAIT'),
	('GDG_INEXPENSIVE_BUILDERS','KIND_TRAIT'),
	('GDG_BONUS_AGAINST_BARBS','KIND_TRAIT'),
	('GDG_EARLY_OCEAN_NAVIGATION','KIND_TRAIT'),
	--DLC
	('GDG_HELLENISTIC_FUSION','KIND_TRAIT'),
	('GDG_SATRAPIES','KIND_TRAIT'),
	('GDG_LAND_DOWN_UNDER','KIND_TRAIT'),
	('GDG_GOLDEN_LIBERTY','KIND_TRAIT'),
	('GDG_LEGEND_FIVE_SUNS','KIND_TRAIT'),
	
	--BUILDINGS
	('GDG_BUILDING_FILM_STUDIO','KIND_TRAIT'),
	('GDG_BUILDING_MADRASA','KIND_TRAIT'),
	('GDG_BUILDING_ELECTRONICS_FACTORY','KIND_TRAIT'),
	('GDG_BUILDING_STAVE_CHURCH','KIND_TRAIT'),
	('GDG_BUILDING_SUKIENNICE','KIND_TRAIT'),
	--DLC
	('GDG_BUILDING_TLACHTLI','KIND_TRAIT'),
	('GDG_BUILDING_BASILIKOI_PAIDES','KIND_TRAIT'),
	
	--IMPROVEMENTS
	('GDG_IMPROVEMENT_GREAT_WALL','KIND_TRAIT'),
	('GDG_IMPROVEMENT_STEPWELL','KIND_TRAIT'),
	('GDG_IMPROVEMENT_SPHINX','KIND_TRAIT'),
	('GDG_IMPROVEMENT_CHATEAU','KIND_TRAIT'),
	('GDG_IMPROVEMENT_KURGAN','KIND_TRAIT'),
	('GDG_IMPROVEMENT_MISSION','KIND_TRAIT'),
	('GDG_IMPROVEMENT_ZIGGURAT','KIND_TRAIT'),
	--DLC
	('GDG_IMPROVEMENT_PAIRIDAEZA','KIND_TRAIT'),
	('GDG_IMPROVEMENT_OUTBACK_STATION','KIND_TRAIT'),
	
	--DISTRICTS
	('GDG_DISTRICT_BATH','KIND_TRAIT'),
	('GDG_DISTRICT_LAVRA','KIND_TRAIT'),
	('GDG_DISTRICT_HANSA','KIND_TRAIT'),
	('GDG_DISTRICT_ACROPOLIS','KIND_TRAIT'),
	('GDG_STREET_CARNIVAL','KIND_TRAIT'),
	('GDG_ROYAL_NAVY_DOCKYARD','KIND_TRAIT'),
	('GDG_MBANZA','KIND_TRAIT');
	
	INSERT INTO Traits (TraitType,Name,Description) VALUES 
	('GDG_RECREATE','LOC_TRAIT_GDG_RECREATE_NAME','LOC_GDG_RECREATE_DESCRIPTION'),	

	INSERT INTO Modifiers (ModifierId,ModifierType) VALUES 
	('GDG_TRAIT_AUTOCRACY_BONUS_RATE','MODIFIER_PLAYER_GOVERNMENT_ADJUST_BONUS_RATE'),
	('GDG_TRAIT_OLIGARCHY_BONUS_RATE','MODIFIER_PLAYER_GOVERNMENT_ADJUST_BONUS_RATE'),
	('GDG_TRAIT_CLASSICAL_REPUBLIC_BONUS_RATE','MODIFIER_PLAYER_GOVERNMENT_ADJUST_BONUS_RATE'),
	('GDG_TRAIT_MONARCHY_BONUS_RATE','MODIFIER_PLAYER_GOVERNMENT_ADJUST_BONUS_RATE'),
	('GDG_TRAIT_THEOCRACY_BONUS_RATE','MODIFIER_PLAYER_GOVERNMENT_ADJUST_BONUS_RATE'),
	('GDG_TRAIT_MERCHANT_REPUBLIC_BONUS_RATE','MODIFIER_PLAYER_GOVERNMENT_ADJUST_BONUS_RATE'),
	('GDG_TRAIT_FASCISM_BONUS_RATE','MODIFIER_PLAYER_GOVERNMENT_ADJUST_BONUS_RATE'),
	('GDG_TRAIT_COMMUNISM_BONUS_RATE','MODIFIER_PLAYER_GOVERNMENT_ADJUST_BONUS_RATE'),
	('GDG_TRAIT_DEMOCRACY_BONUS_RATE','MODIFIER_PLAYER_GOVERNMENT_ADJUST_BONUS_RATE'),
	('GDG_TRAIT_SCIENCE_PER_FOREIGN_CITY_FOLLOWING_RELIGION','MODIFIER_PLAYER_RELIGION_ADD_PLAYER_BELIEF_YIELD'),
	('GDG_TRAIT_GUARANTEE_ONE_PROPHET','MODIFIER_PLAYER_ADJUST_GREAT_PERSON_GUARANTEE'),
	('GDG_TRAIT_AMAZON_RAINFOREST_COMMERCIALHUB_ADJACENCY','MODIFIER_PLAYER_CITIES_FEATURE_ADJACENCY'),
	('GDG_TRAIT_AMAZON_RAINFOREST_HOLYSITE_ADJACENCY','MODIFIER_PLAYER_CITIES_FEATURE_ADJACENCY'),
	('GDG_TRAIT_AMAZON_RAINFOREST_THEATER_ADJACENCY','MODIFIER_PLAYER_CITIES_FEATURE_ADJACENCY'),
	('GDG_TRAIT_AMAZON_RAINFOREST_CAMPUS_ADJACENCY','MODIFIER_PLAYER_CITIES_FEATURE_ADJACENCY'),
	('GDG_TRAIT_AMAZON_RAINFOREST_EXTRA_APPEAL','MODIFIER_PLAYER_CITIES_ADJUST_FEATURE_APPEAL_MODIFIER'),
	('GDG_TRAIT_CIVIC_BOOST','MODIFIER_PLAYER_ADJUST_CIVIC_BOOST'),
	('GDG_TRAIT_TECHNOLOGY_BOOST','MODIFIER_PLAYER_ADJUST_TECHNOLOGY_BOOST'),
	('GDG_TRAIT_RIVER_FASTER_BUILDTIME_DISTRICT','MODIFIER_PLAYER_CITIES_ADJUST_RIVER_DISTRICT_PRODUCTION'),
	('GDG_TRAIT_RIVER_FASTER_BUILDTIME_WONDER','MODIFIER_PLAYER_CITIES_ADJUST_RIVER_WONDER_PRODUCTION'),
	('GDG_TRAIT_FLOODPLAINS_VALID_HOLY_SITE','MODIFIER_PLAYER_CITIES_ADJUST_VALID_FEATURES_DISTRICTS'),
	('GDG_TRAIT_FLOODPLAINS_VALID_CAMPUS','MODIFIER_PLAYER_CITIES_ADJUST_VALID_FEATURES_DISTRICTS'),
	('GDG_TRAIT_FLOODPLAINS_VALID_ENCAMPMENT','MODIFIER_PLAYER_CITIES_ADJUST_VALID_FEATURES_DISTRICTS'),
	('GDG_TRAIT_FLOODPLAINS_VALID_COMMERCIAL_HUB','MODIFIER_PLAYER_CITIES_ADJUST_VALID_FEATURES_DISTRICTS'),
	('GDG_TRAIT_FLOODPLAINS_VALID_ENTERTAINMENT_COMPLEX','MODIFIER_PLAYER_CITIES_ADJUST_VALID_FEATURES_DISTRICTS'),
	('GDG_TRAIT_FLOODPLAINS_VALID_THEATER','MODIFIER_PLAYER_CITIES_ADJUST_VALID_FEATURES_DISTRICTS'),
	('GDG_TRAIT_FLOODPLAINS_VALID_INDUSTRIAL_ZONE','MODIFIER_PLAYER_CITIES_ADJUST_VALID_FEATURES_DISTRICTS'),
	('GDG_TRAIT_FLOODPLAINS_VALID_WONDER','MODIFIER_PLAYER_CITIES_ADJUST_VALID_FEATURES_WONDERS'),
	('GDG_TRAIT_DOUBLE_ARCHAEOLOGY_SLOTS','MODIFIER_PLAYER_CITIES_ADJUST_EXTRA_GREAT_WORK_SLOTS'),
	('GDG_TRAIT_SUPPORT_TWO_ARCHAEOLOGISTS','MODIFIER_PLAYER_CITIES_ADJUST_NUM_UNITS_SUPPORTED'),
	('GDG_TRAIT_AUTO_THEME_ARCHAEOLOGY_MUSEUM','MODIFIER_PLAYER_ADJUST_AUTO_THEMED_BUILDING'),

		
INSERT INTO TraitModifiers (TraitType,ModifierId) VALUES 
	('GDG_RECREATE','GDG_TRAIT_AUTOCRACY_BONUS_RATE'),
	('GDG_RECREATE','GDG_TRAIT_OLIGARCHY_BONUS_RATE'),
	('GDG_RECREATE','GDG_TRAIT_CLASSICAL_REPUBLIC_BONUS_RATE'),
	('GDG_RECREATE','GDG_TRAIT_MONARCHY_BONUS_RATE'),
	('GDG_RECREATE','GDG_TRAIT_THEOCRACY_BONUS_RATE'),
	('GDG_RECREATE','GDG_TRAIT_MERCHANT_REPUBLIC_BONUS_RATE'),
	('GDG_RECREATE','GDG_TRAIT_FASCISM_BONUS_RATE'),
	('GDG_RECREATE','GDG_TRAIT_COMMUNISM_BONUS_RATE'),
	('GDG_RECREATE','GDG_TRAIT_DEMOCRACY_BONUS_RATE'),
	('GDG_RECREATE','GDG_TRAIT_SCIENCE_PER_FOREIGN_CITY_FOLLOWING_RELIGION'),
	('GDG_RECREATE','GDG_TRAIT_GUARANTEE_ONE_PROPHET'),
	('GDG_RECREATE','GDG_TRAIT_AMAZON_RAINFOREST_COMMERCIALHUB_ADJACENCY'),
	('GDG_RECREATE','GDG_TRAIT_AMAZON_RAINFOREST_HOLYSITE_ADJACENCY'),
	('GDG_RECREATE','GDG_TRAIT_AMAZON_RAINFOREST_THEATER_ADJACENCY'),
	('GDG_RECREATE','GDG_TRAIT_AMAZON_RAINFOREST_CAMPUS_ADJACENCY'),
	('GDG_RECREATE','GDG_TRAIT_AMAZON_RAINFOREST_EXTRA_APPEAL'),
	('GDG_RECREATE','GDG_TRAIT_CIVIC_BOOST'),
	('GDG_RECREATE','GDG_TRAIT_TECHNOLOGY_BOOST'),
	('GDG_RECREATE','GDG_TRAIT_RIVER_FASTER_BUILDTIME_DISTRICT'),
	('GDG_RECREATE','GDG_TRAIT_RIVER_FASTER_BUILDTIME_WONDER'),
	('GDG_RECREATE','GDG_TRAIT_FLOODPLAINS_VALID_HOLY_SITE'),
	('GDG_RECREATE','GDG_TRAIT_FLOODPLAINS_VALID_CAMPUS'),
	('GDG_RECREATE','GDG_TRAIT_FLOODPLAINS_VALID_ENCAMPMENT'),
	('GDG_RECREATE','GDG_TRAIT_FLOODPLAINS_VALID_COMMERCIAL_HUB'),
	('GDG_RECREATE','GDG_TRAIT_FLOODPLAINS_VALID_ENTERTAINMENT_COMPLEX'),
	('GDG_RECREATE','GDG_TRAIT_FLOODPLAINS_VALID_THEATER'),
	('GDG_RECREATE','GDG_TRAIT_FLOODPLAINS_VALID_INDUSTRIAL_ZONE'),
	('GDG_RECREATE','GDG_TRAIT_FLOODPLAINS_VALID_WONDER'),
	('GDG_RECREATE','GDG_TRAIT_DOUBLE_ARCHAEOLOGY_SLOTS'),
	('GDG_RECREATE','GDG_TRAIT_SUPPORT_TWO_ARCHAEOLOGISTS'),
	('GDG_RECREATE','GDG_TRAIT_AUTO_THEME_ARCHAEOLOGY_MUSEUM'),
	

	

INSERT INTO ModifierArguments (ModifierId,Name,Value) VALUES 
		('GDG_TRAIT_AUTOCRACY_BONUS_RATE','BonusRate',100),
		('GDG_TRAIT_AUTOCRACY_BONUS_RATE','BonusType','GOVERNMENTBONUS_OVERALL_PRODUCTION'),
		('GDG_TRAIT_OLIGARCHY_BONUS_RATE','BonusRate',100),
		('GDG_TRAIT_OLIGARCHY_BONUS_RATE','BonusType','GOVERNMENTBONUS_OVERALL_PRODUCTION'),
		('GDG_TRAIT_CLASSICAL_REPUBLIC_BONUS_RATE','BonusRate',100),
		('GDG_TRAIT_CLASSICAL_REPUBLIC_BONUS_RATE','BonusType','GOVERNMENTBONUS_OVERALL_PRODUCTION'),
		('GDG_TRAIT_MONARCHY_BONUS_RATE','BonusRate',100),
		('GDG_TRAIT_MONARCHY_BONUS_RATE','BonusType','GOVERNMENTBONUS_OVERALL_PRODUCTION'),
		('GDG_TRAIT_THEOCRACY_BONUS_RATE','BonusRate',100),
		('GDG_TRAIT_THEOCRACY_BONUS_RATE','BonusType','GOVERNMENTBONUS_OVERALL_PRODUCTION'),
		('GDG_TRAIT_MERCHANT_REPUBLIC_BONUS_RATE','BonusRate',100),
		('GDG_TRAIT_MERCHANT_REPUBLIC_BONUS_RATE','BonusType','GOVERNMENTBONUS_OVERALL_PRODUCTION'),
		('GDG_TRAIT_FASCISM_BONUS_RATE','BonusRate',100),
		('GDG_TRAIT_FASCISM_BONUS_RATE','BonusType','GOVERNMENTBONUS_OVERALL_PRODUCTION'),
		('GDG_TRAIT_COMMUNISM_BONUS_RATE','BonusRate',100),
		('GDG_TRAIT_COMMUNISM_BONUS_RATE','BonusType','GOVERNMENTBONUS_OVERALL_PRODUCTION'),
		('GDG_TRAIT_DEMOCRACY_BONUS_RATE','BonusRate',100),
		('GDG_TRAIT_DEMOCRACY_BONUS_RATE','BonusType','GOVERNMENTBONUS_OVERALL_PRODUCTION'),
		('GDG_TRAIT_GUARANTEE_ONE_PROPHET','GreatPersonClassType','GREAT_PERSON_CLASS_PROPHET'),
		('GDG_TRAIT_SCIENCE_PER_FOREIGN_CITY_FOLLOWING_RELIGION','BeliefYieldType','BELIEF_YIELD_PER_FOREIGN_CITY'),
		('GDG_TRAIT_SCIENCE_PER_FOREIGN_CITY_FOLLOWING_RELIGION','YieldType','YIELD_SCIENCE'),
		('GDG_TRAIT_SCIENCE_PER_FOREIGN_CITY_FOLLOWING_RELIGION','Amount',1),
		('GDG_TRAIT_SCIENCE_PER_FOREIGN_CITY_FOLLOWING_RELIGION','PerXItems',1),
		('GDG_TRAIT_AMAZON_RAINFOREST_COMMERCIALHUB_ADJACENCY','DistrictType','DISTRICT_COMMERCIAL_HUB'),
		('GDG_TRAIT_AMAZON_RAINFOREST_COMMERCIALHUB_ADJACENCY','FeatureType','FEATURE_JUNGLE'),
		('GDG_TRAIT_AMAZON_RAINFOREST_COMMERCIALHUB_ADJACENCY','YieldType','YIELD_GOLD'),
		('GDG_TRAIT_AMAZON_RAINFOREST_COMMERCIALHUB_ADJACENCY','Amount',1),
		('GDG_TRAIT_AMAZON_RAINFOREST_COMMERCIALHUB_ADJACENCY','Description','LOC_DISTRICT_JUNGLE_2_GOLD'),
		('GDG_TRAIT_AMAZON_RAINFOREST_HOLYSITE_ADJACENCY','DistrictType','DISTRICT_HOLY_SITE'),
		('GDG_TRAIT_AMAZON_RAINFOREST_HOLYSITE_ADJACENCY','FeatureType','FEATURE_JUNGLE'),
		('GDG_TRAIT_AMAZON_RAINFOREST_HOLYSITE_ADJACENCY','YieldType','YIELD_FAITH'),
		('GDG_TRAIT_AMAZON_RAINFOREST_HOLYSITE_ADJACENCY','Amount',1),
		('GDG_TRAIT_AMAZON_RAINFOREST_HOLYSITE_ADJACENCY','Description','LOC_DISTRICT_JUNGLE_2_FAITH'),
		('GDG_TRAIT_AMAZON_RAINFOREST_THEATER_ADJACENCY','DistrictType','DISTRICT_THEATER'),
		('GDG_TRAIT_AMAZON_RAINFOREST_THEATER_ADJACENCY','FeatureType','FEATURE_JUNGLE'),
		('GDG_TRAIT_AMAZON_RAINFOREST_THEATER_ADJACENCY','YieldType','YIELD_CULTURE'),
		('GDG_TRAIT_AMAZON_RAINFOREST_THEATER_ADJACENCY','Amount',1),
		('GDG_TRAIT_AMAZON_RAINFOREST_THEATER_ADJACENCY','Description','LOC_DISTRICT_JUNGLE_2_CULTURE'),
		('GDG_TRAIT_AMAZON_RAINFOREST_CAMPUS_ADJACENCY','DistrictType','DISTRICT_CAMPUS'),
		('GDG_TRAIT_AMAZON_RAINFOREST_CAMPUS_ADJACENCY','FeatureType','FEATURE_JUNGLE'),
		('GDG_TRAIT_AMAZON_RAINFOREST_CAMPUS_ADJACENCY','YieldType','YIELD_SCIENCE'),
		('GDG_TRAIT_AMAZON_RAINFOREST_CAMPUS_ADJACENCY','Amount',1),
		('GDG_TRAIT_AMAZON_RAINFOREST_CAMPUS_ADJACENCY','Description','LOC_DISTRICT_JUNGLE_2_SCIENCE'),
		('GDG_TRAIT_AMAZON_RAINFOREST_EXTRA_APPEAL','FeatureType','FEATURE_JUNGLE'),
		('GDG_TRAIT_AMAZON_RAINFOREST_EXTRA_APPEAL','Amount',2),
		('GDG_TRAIT_RIVER_FASTER_BUILDTIME_DISTRICT','Amount',15),
		('GDG_TRAIT_RIVER_FASTER_BUILDTIME_WONDER','Amount',15),
		('GDG_TRAIT_FLOODPLAINS_VALID_HOLY_SITE','DistrictType','DISTRICT_HOLY_SITE'),
		('GDG_TRAIT_FLOODPLAINS_VALID_HOLY_SITE','FeatureType','FEATURE_FLOODPLAINS'),
		('GDG_TRAIT_FLOODPLAINS_VALID_CAMPUS','DistrictType','DISTRICT_CAMPUS'),
		('GDG_TRAIT_FLOODPLAINS_VALID_CAMPUS','FeatureType','FEATURE_FLOODPLAINS'),
		('GDG_TRAIT_FLOODPLAINS_VALID_ENCAMPMENT','DistrictType','DISTRICT_ENCAMPMENT'),
		('GDG_TRAIT_FLOODPLAINS_VALID_ENCAMPMENT','FeatureType','FEATURE_FLOODPLAINS'),
		('GDG_TRAIT_FLOODPLAINS_VALID_COMMERCIAL_HUB','DistrictType','DISTRICT_COMMERCIAL_HUB'),
		('GDG_TRAIT_FLOODPLAINS_VALID_COMMERCIAL_HUB','FeatureType','FEATURE_FLOODPLAINS'),
		('GDG_TRAIT_FLOODPLAINS_VALID_ENTERTAINMENT_COMPLEX','DistrictType','DISTRICT_ENTERTAINMENT_COMPLEX'),
		('GDG_TRAIT_FLOODPLAINS_VALID_ENTERTAINMENT_COMPLEX','FeatureType','FEATURE_FLOODPLAINS'),
		('GDG_TRAIT_FLOODPLAINS_VALID_THEATER','DistrictType','DISTRICT_THEATER'),
		('GDG_TRAIT_FLOODPLAINS_VALID_THEATER','FeatureType','FEATURE_FLOODPLAINS'),
		('GDG_TRAIT_FLOODPLAINS_VALID_INDUSTRIAL_ZONE','DistrictType','DISTRICT_INDUSTRIAL_ZONE'),
		('GDG_TRAIT_FLOODPLAINS_VALID_INDUSTRIAL_ZONE','FeatureType','FEATURE_FLOODPLAINS'),
		('GDG_TRAIT_FLOODPLAINS_VALID_WONDER','FeatureType','FEATURE_FLOODPLAINS'),
		('GDG_TRAIT_DOUBLE_ARCHAEOLOGY_SLOTS','BuildingType','BUILDING_MUSEUM_ARTIFACT'),
		('GDG_TRAIT_DOUBLE_ARCHAEOLOGY_SLOTS','GreatWorkSlotType','GREATWORKSLOT_ARTIFACT'),
		('GDG_TRAIT_DOUBLE_ARCHAEOLOGY_SLOTS','Amount',3),
		('GDG_TRAIT_SUPPORT_TWO_ARCHAEOLOGISTS','BuildingType','BUILDING_MUSEUM_ARTIFACT'),
		('GDG_TRAIT_SUPPORT_TWO_ARCHAEOLOGISTS','Amount',1),
		('GDG_TRAIT_AUTO_THEME_ARCHAEOLOGY_MUSEUM','BuildingType','BUILDING_MUSEUM_ARTIFACT'),
		
		
INSERT INTO ModifierArguments (ModifierId,Name,Value,Extra) VALUES 		
	('GDG_TRAIT_CIVIC_BOOST','Amount',10,-1),
	('GDG_TRAIT_TECHNOLOGY_BOOST','Amount',10,-1),
	
	
	
	
	
	
	
	
	

-- INSERT INTO Buildings (BuildingType,Name,Description,PrereqTech,PrereqDistrict,PurchaseYield,Cost,CitizenSlots,TraitType) VALUES 
		-- (),
	-- <Buildings>
		-- <Row BuildingType="BUILDING_SUKIENNICE" Name="LOC_BUILDING_SUKIENNICE_NAME" Description="LOC_BUILDING_SUKIENNICE_DESCRIPTION" PrereqTech="TECH_CURRENCY" PrereqDistrict="DISTRICT_COMMERCIAL_HUB" PurchaseYield="YIELD_GOLD" Cost="105" CitizenSlots="1" TraitType="TRAIT_CIVILIZATION_BUILDING_SUKIENNICE"/>
		-- <Row BuildingType="BUILDING_FILM_STUDIO" Name="LOC_BUILDING_FILM_STUDIO_NAME" Description="LOC_BUILDING_FILM_STUDIO_DESCRIPTION" PrereqTech="TECH_RADIO" PrereqDistrict="DISTRICT_THEATER" PurchaseYield="YIELD_GOLD" Cost="525" AdvisorType="ADVISOR_CULTURE" Maintenance="3" CitizenSlots="1" TraitType="TRAIT_CIVILIZATION_BUILDING_FILM_STUDIO"/>
		-- <Row BuildingType="BUILDING_STAVE_CHURCH" Name="LOC_BUILDING_STAVE_CHURCH_NAME" Description="LOC_BUILDING_STAVE_CHURCH_DESCRIPTION" PrereqCivic="CIVIC_THEOLOGY" PrereqDistrict="DISTRICT_HOLY_SITE" PurchaseYield="YIELD_GOLD" Cost="105" AdvisorType="ADVISOR_RELIGIOUS" Maintenance="2" CitizenSlots="1" TraitType="TRAIT_CIVILIZATION_BUILDING_STAVE_CHURCH"/>
		-- <Row BuildingType="BUILDING_MADRASA" Name="LOC_BUILDING_MADRASA_NAME" Description="LOC_BUILDING_MADRASA_DESCRIPTION" PrereqCivic="CIVIC_THEOLOGY" PrereqDistrict="DISTRICT_CAMPUS" PurchaseYield="YIELD_GOLD" Cost="225" AdvisorType="ADVISOR_TECHNOLOGY" Maintenance="2" Housing="1" CitizenSlots="1" TraitType="TRAIT_CIVILIZATION_BUILDING_MADRASA"/>
		-- <Row BuildingType="BUILDING_ELECTRONICS_FACTORY" Name="LOC_BUILDING_ELECTRONICS_FACTORY_NAME" Description="LOC_BUILDING_ELECTRONICS_FACTORY_DESCRIPTION" PrereqTech="TECH_INDUSTRIALIZATION" PrereqDistrict="DISTRICT_INDUSTRIAL_ZONE" PurchaseYield="YIELD_GOLD" Cost="355" AdvisorType="ADVISOR_GENERIC" Maintenance="2" CitizenSlots="1" RegionalRange="6" TraitType="TRAIT_CIVILIZATION_BUILDING_ELECTRONICS_FACTORY"/>
			-- <Row BuildingType="BUILDING_TLACHTLI" Name="LOC_BUILDING_TLACHTLI_NAME" PrereqCivic="CIVIC_GAMES_RECREATION" PrereqDistrict="DISTRICT_ENTERTAINMENT_COMPLEX" PurchaseYield="YIELD_GOLD" Cost="135" Maintenance="1" Entertainment="1" TraitType="TRAIT_CIVILIZATION_BUILDING_TLACHTLI"/>
				-- <Row BuildingType="BUILDING_BASILIKOI_PAIDES" Name="LOC_BUILDING_BASILIKOI_PAIDES_NAME" Description="LOC_BUILDING_BASILIKOI_PAIDES_DESCRIPTION" PrereqTech="TECH_BRONZE_WORKING" PrereqDistrict="DISTRICT_ENCAMPMENT" PurchaseYield="YIELD_GOLD" Cost="80" AdvisorType="ADVISOR_CONQUEST" Maintenance="1" CitizenSlots="1" Housing="1" TraitType="TRAIT_CIVILIZATION_BUILDING_BASILIKOI_PAIDES"/>
	-- </Buildings>
	
	
	
	
	
	
	
	
	
	
	

