-- TYPES
INSERT INTO Types (Type,Kind) VALUES ('TRAIT_ALL_SUZERAIN_BONUSES','KIND_TRAIT');

-- TRAITS
INSERT INTO Traits (TraitType,Name,Description) VALUES ('TRAIT_ALL_SUZERAIN_BONUSES','LOC_TRAIT_ALL_SUZERAIN_BONUSES_NAME','LOC_TRAIT_ALL_SUZERAIN_BONUSES_DESCRIPTION');

-- TRAITMODIFIERS
INSERT INTO TraitModifiers (TraitType,ModifierId) VALUES ('TRAIT_ALL_SUZERAIN_BONUSES','AMSTERDAM_UNIQUE_INFLUENCE_BONUS_PLAYER');
INSERT INTO TraitModifiers (TraitType,ModifierId) VALUES ('TRAIT_ALL_SUZERAIN_BONUSES','BRUSSELS_UNIQUE_INFLUENCE_BONUS_PLAYER');
INSERT INTO TraitModifiers (TraitType,ModifierId) VALUES ('TRAIT_ALL_SUZERAIN_BONUSES','BUENOS_AIRES_UNIQUE_INFLUENCE_BONUS_PLAYER');
INSERT INTO TraitModifiers (TraitType,ModifierId) VALUES ('TRAIT_ALL_SUZERAIN_BONUSES','CARTHAGE_UNIQUE_INFLUENCE_BONUS_PLAYER');
-- INSERT INTO TraitModifiers (TraitType,ModifierId) VALUES ('TRAIT_ALL_SUZERAIN_BONUSES','GENEVA_UNIQUE_INFLUENCE_BONUS_PLAYER');
INSERT INTO TraitModifiers (TraitType,ModifierId) VALUES ('TRAIT_ALL_SUZERAIN_BONUSES','HATTUSA_UNIQUE_INFLUENCE_ALUMINUM_RESOURCE_BONUS_PLAYER');
INSERT INTO TraitModifiers (TraitType,ModifierId) VALUES ('TRAIT_ALL_SUZERAIN_BONUSES','HATTUSA_UNIQUE_INFLUENCE_COAL_RESOURCE_BONUS_PLAYER');
INSERT INTO TraitModifiers (TraitType,ModifierId) VALUES ('TRAIT_ALL_SUZERAIN_BONUSES','HATTUSA_UNIQUE_INFLUENCE_HORSES_RESOURCE_BONUS_PLAYER');
INSERT INTO TraitModifiers (TraitType,ModifierId) VALUES ('TRAIT_ALL_SUZERAIN_BONUSES','HATTUSA_UNIQUE_INFLUENCE_IRON_RESOURCE_BONUS_PLAYER');
INSERT INTO TraitModifiers (TraitType,ModifierId) VALUES ('TRAIT_ALL_SUZERAIN_BONUSES','HATTUSA_UNIQUE_INFLUENCE_NITER_RESOURCE_BONUS_PLAYER');
INSERT INTO TraitModifiers (TraitType,ModifierId) VALUES ('TRAIT_ALL_SUZERAIN_BONUSES','HATTUSA_UNIQUE_INFLUENCE_OIL_RESOURCE_BONUS_PLAYER');
INSERT INTO TraitModifiers (TraitType,ModifierId) VALUES ('TRAIT_ALL_SUZERAIN_BONUSES','HATTUSA_UNIQUE_INFLUENCE_URANIUM_RESOURCE_BONUS_PLAYER');
INSERT INTO TraitModifiers (TraitType,ModifierId) VALUES ('TRAIT_ALL_SUZERAIN_BONUSES','HONG_KONG_UNIQUE_INFLUENCE_BONUS_PLAYER');
INSERT INTO TraitModifiers (TraitType,ModifierId) VALUES ('TRAIT_ALL_SUZERAIN_BONUSES','JAKARTA_UNIQUE_INFLUENCE_BONUS_PLAYER');
INSERT INTO TraitModifiers (TraitType,ModifierId) VALUES ('TRAIT_ALL_SUZERAIN_BONUSES','KABUL_UNIQUE_INFLUENCE_BONUS_PLAYER');
INSERT INTO TraitModifiers (TraitType,ModifierId) VALUES ('TRAIT_ALL_SUZERAIN_BONUSES','KANDY_UNIQUE_INFLUENCE_GRANT_BONUS_PLAYER');
INSERT INTO TraitModifiers (TraitType,ModifierId) VALUES ('TRAIT_ALL_SUZERAIN_BONUSES','KANDY_UNIQUE_INFLUENCE_BETTER_RELIC_BONUS_PLAYER');
INSERT INTO TraitModifiers (TraitType,ModifierId) VALUES ('TRAIT_ALL_SUZERAIN_BONUSES','KUMASI_UNIQUE_INFLUENCE_TRADE_CULTURE_BONUS_PLAYER');
INSERT INTO TraitModifiers (TraitType,ModifierId) VALUES ('TRAIT_ALL_SUZERAIN_BONUSES','KUMASI_UNIQUE_INFLUENCE_TRADE_GOLD_BONUS_PLAYER');
INSERT INTO TraitModifiers (TraitType,ModifierId) VALUES ('TRAIT_ALL_SUZERAIN_BONUSES','LA_VENTA_UNIQUE_INFLUENCE_BONUS_PLAYER');
INSERT INTO TraitModifiers (TraitType,ModifierId) VALUES ('TRAIT_ALL_SUZERAIN_BONUSES','LISBON_UNIQUE_INFLUENCE_BONUS_PLAYER');
INSERT INTO TraitModifiers (TraitType,ModifierId) VALUES ('TRAIT_ALL_SUZERAIN_BONUSES','MOHENJO_DARO_UNIQUE_INFLUENCE_BONUS_PLAYER');
INSERT INTO TraitModifiers (TraitType,ModifierId) VALUES ('TRAIT_ALL_SUZERAIN_BONUSES','NAN_MADOL_UNIQUE_INFLUENCE_BONUS_PLAYER');
INSERT INTO TraitModifiers (TraitType,ModifierId) VALUES ('TRAIT_ALL_SUZERAIN_BONUSES','PRESLAV_UNIQUE_INFLUENCE_BONUS_PLAYER');
INSERT INTO TraitModifiers (TraitType,ModifierId) VALUES ('TRAIT_ALL_SUZERAIN_BONUSES','SEOUL_UNIQUE_INFLUENCE_BONUS_PLAYER');
INSERT INTO TraitModifiers (TraitType,ModifierId) VALUES ('TRAIT_ALL_SUZERAIN_BONUSES','STOCKHOLM_UNIQUE_INFLUENCE_GREAT_GENERAL_POINTS_BONUS_PLAYER');
INSERT INTO TraitModifiers (TraitType,ModifierId) VALUES ('TRAIT_ALL_SUZERAIN_BONUSES','STOCKHOLM_UNIQUE_INFLUENCE_GREAT_ADMIRAL_POINTS_BONUS_PLAYER');
INSERT INTO TraitModifiers (TraitType,ModifierId) VALUES ('TRAIT_ALL_SUZERAIN_BONUSES','STOCKHOLM_UNIQUE_INFLUENCE_GREAT_ENGINEER_POINTS_BONUS_PLAYER');
INSERT INTO TraitModifiers (TraitType,ModifierId) VALUES ('TRAIT_ALL_SUZERAIN_BONUSES','STOCKHOLM_UNIQUE_INFLUENCE_GREAT_MERCHANT_POINTS_BONUS_PLAYER');
INSERT INTO TraitModifiers (TraitType,ModifierId) VALUES ('TRAIT_ALL_SUZERAIN_BONUSES','STOCKHOLM_UNIQUE_INFLUENCE_GREAT_PROPHET_POINTS_BONUS_PLAYER');
INSERT INTO TraitModifiers (TraitType,ModifierId) VALUES ('TRAIT_ALL_SUZERAIN_BONUSES','STOCKHOLM_UNIQUE_INFLUENCE_GREAT_SCIENTIST_POINTS_BONUS_PLAYER');
INSERT INTO TraitModifiers (TraitType,ModifierId) VALUES ('TRAIT_ALL_SUZERAIN_BONUSES','STOCKHOLM_UNIQUE_INFLUENCE_GREAT_WRITER_POINTS_BONUS_PLAYER');
INSERT INTO TraitModifiers (TraitType,ModifierId) VALUES ('TRAIT_ALL_SUZERAIN_BONUSES','STOCKHOLM_UNIQUE_INFLUENCE_GREAT_ARTIST_POINTS_BONUS_PLAYER');
INSERT INTO TraitModifiers (TraitType,ModifierId) VALUES ('TRAIT_ALL_SUZERAIN_BONUSES','STOCKHOLM_UNIQUE_INFLUENCE_GREAT_MUSICIAN_POINTS_BONUS_PLAYER');
INSERT INTO TraitModifiers (TraitType,ModifierId) VALUES ('TRAIT_ALL_SUZERAIN_BONUSES','TORONTO_UNIQUE_INFLUENCE_BONUS_PLAYER');
INSERT INTO TraitModifiers (TraitType,ModifierId) VALUES ('TRAIT_ALL_SUZERAIN_BONUSES','VALLETTA_UNIQUE_INFLUENCE_PURCHASE_CHEAPER_WALLS_BONUS_PLAYER');
INSERT INTO TraitModifiers (TraitType,ModifierId) VALUES ('TRAIT_ALL_SUZERAIN_BONUSES','VALLETTA_UNIQUE_INFLUENCE_PURCHASE_CHEAPER_CASTLE_BONUS_PLAYER');
INSERT INTO TraitModifiers (TraitType,ModifierId) VALUES ('TRAIT_ALL_SUZERAIN_BONUSES','VALLETTA_UNIQUE_INFLUENCE_PURCHASE_CHEAPER_STAR_BONUS_PLAYER');
INSERT INTO TraitModifiers (TraitType,ModifierId) VALUES ('TRAIT_ALL_SUZERAIN_BONUSES','VALLETTA_UNIQUE_INFLUENCE_CITY_CENTER_BUILDINGS_BONUS_PLAYER');
INSERT INTO TraitModifiers (TraitType,ModifierId) VALUES ('TRAIT_ALL_SUZERAIN_BONUSES','VALLETTA_UNIQUE_INFLUENCE_ENCAMPMENT_BUILDINGS_BONUS_PLAYER');
INSERT INTO TraitModifiers (TraitType,ModifierId) VALUES ('TRAIT_ALL_SUZERAIN_BONUSES','VILNIUS_UNIQUE_INFLUENCE_BONUS_PLAYER');
INSERT INTO TraitModifiers (TraitType,ModifierId) VALUES ('TRAIT_ALL_SUZERAIN_BONUSES','YEREVAN_UNIQUE_INFLUENCE_BONUS_PLAYER');
INSERT INTO TraitModifiers (TraitType,ModifierId) VALUES ('TRAIT_ALL_SUZERAIN_BONUSES','ZANZIBAR_UNIQUE_INFLUENCE_CINNAMON_RESOURCE_BONUS_PLAYER');
INSERT INTO TraitModifiers (TraitType,ModifierId) VALUES ('TRAIT_ALL_SUZERAIN_BONUSES','ZANZIBAR_UNIQUE_INFLUENCE_CLOVES_RESOURCE_BONUS_PLAYER');


-- MODIFIERS
INSERT INTO Modifiers (ModifierId,ModifierType,SubjectRequirementSetId) VALUES ('AMSTERDAM_UNIQUE_INFLUENCE_BONUS_PLAYER','MODIFIER_ALL_PLAYERS_ATTACH_MODIFIER','PLAYER_IS_HUMAN');
INSERT INTO Modifiers (ModifierId,ModifierType,SubjectRequirementSetId) VALUES ('BRUSSELS_UNIQUE_INFLUENCE_BONUS_PLAYER','MODIFIER_ALL_PLAYERS_ATTACH_MODIFIER','PLAYER_IS_HUMAN');
INSERT INTO Modifiers (ModifierId,ModifierType,SubjectRequirementSetId) VALUES ('BUENOS_AIRES_UNIQUE_INFLUENCE_BONUS_PLAYER','MODIFIER_ALL_PLAYERS_ATTACH_MODIFIER','PLAYER_IS_HUMAN');
INSERT INTO Modifiers (ModifierId,ModifierType,SubjectRequirementSetId) VALUES ('CARTHAGE_UNIQUE_INFLUENCE_BONUS_PLAYER','MODIFIER_ALL_PLAYERS_ATTACH_MODIFIER','PLAYER_IS_HUMAN');
INSERT INTO Modifiers (ModifierId,ModifierType,SubjectRequirementSetId) VALUES ('GENEVA_UNIQUE_INFLUENCE_BONUS_PLAYER','MODIFIER_ALL_PLAYERS_ATTACH_MODIFIER','PLAYER_IS_HUMAN');
INSERT INTO Modifiers (ModifierId,ModifierType,SubjectRequirementSetId) VALUES ('HATTUSA_UNIQUE_INFLUENCE_ALUMINUM_RESOURCE_BONUS_PLAYER','MODIFIER_ALL_PLAYERS_ATTACH_MODIFIER','PLAYER_IS_HUMAN');
INSERT INTO Modifiers (ModifierId,ModifierType,SubjectRequirementSetId) VALUES ('HATTUSA_UNIQUE_INFLUENCE_COAL_RESOURCE_BONUS_PLAYER','MODIFIER_ALL_PLAYERS_ATTACH_MODIFIER','PLAYER_IS_HUMAN');
INSERT INTO Modifiers (ModifierId,ModifierType,SubjectRequirementSetId) VALUES ('HATTUSA_UNIQUE_INFLUENCE_HORSES_RESOURCE_BONUS_PLAYER','MODIFIER_ALL_PLAYERS_ATTACH_MODIFIER','PLAYER_IS_HUMAN');
INSERT INTO Modifiers (ModifierId,ModifierType,SubjectRequirementSetId) VALUES ('HATTUSA_UNIQUE_INFLUENCE_IRON_RESOURCE_BONUS_PLAYER','MODIFIER_ALL_PLAYERS_ATTACH_MODIFIER','PLAYER_IS_HUMAN');
INSERT INTO Modifiers (ModifierId,ModifierType,SubjectRequirementSetId) VALUES ('HATTUSA_UNIQUE_INFLUENCE_NITER_RESOURCE_BONUS_PLAYER','MODIFIER_ALL_PLAYERS_ATTACH_MODIFIER','PLAYER_IS_HUMAN');
INSERT INTO Modifiers (ModifierId,ModifierType,SubjectRequirementSetId) VALUES ('HATTUSA_UNIQUE_INFLUENCE_OIL_RESOURCE_BONUS_PLAYER','MODIFIER_ALL_PLAYERS_ATTACH_MODIFIER','PLAYER_IS_HUMAN');
INSERT INTO Modifiers (ModifierId,ModifierType,SubjectRequirementSetId) VALUES ('HATTUSA_UNIQUE_INFLUENCE_URANIUM_RESOURCE_BONUS_PLAYER','MODIFIER_ALL_PLAYERS_ATTACH_MODIFIER','PLAYER_IS_HUMAN');
INSERT INTO Modifiers (ModifierId,ModifierType,SubjectRequirementSetId) VALUES ('HONG_KONG_UNIQUE_INFLUENCE_BONUS_PLAYER','MODIFIER_ALL_PLAYERS_ATTACH_MODIFIER','PLAYER_IS_HUMAN');
INSERT INTO Modifiers (ModifierId,ModifierType,SubjectRequirementSetId) VALUES ('JAKARTA_UNIQUE_INFLUENCE_BONUS_PLAYER','MODIFIER_ALL_PLAYERS_ATTACH_MODIFIER','PLAYER_IS_HUMAN');
INSERT INTO Modifiers (ModifierId,ModifierType,SubjectRequirementSetId) VALUES ('KABUL_UNIQUE_INFLUENCE_BONUS_PLAYER','MODIFIER_ALL_PLAYERS_ATTACH_MODIFIER','PLAYER_IS_HUMAN');
INSERT INTO Modifiers (ModifierId,ModifierType,SubjectRequirementSetId) VALUES ('KANDY_UNIQUE_INFLUENCE_GRANT_BONUS_PLAYER','MODIFIER_ALL_PLAYERS_ATTACH_MODIFIER','PLAYER_IS_HUMAN');
INSERT INTO Modifiers (ModifierId,ModifierType,SubjectRequirementSetId) VALUES ('KANDY_UNIQUE_INFLUENCE_BETTER_RELIC_BONUS_PLAYER','MODIFIER_ALL_PLAYERS_ATTACH_MODIFIER','PLAYER_IS_HUMAN');
INSERT INTO Modifiers (ModifierId,ModifierType,SubjectRequirementSetId) VALUES ('KUMASI_UNIQUE_INFLUENCE_TRADE_CULTURE_BONUS_PLAYER','MODIFIER_ALL_PLAYERS_ATTACH_MODIFIER','PLAYER_IS_HUMAN');
INSERT INTO Modifiers (ModifierId,ModifierType,SubjectRequirementSetId) VALUES ('KUMASI_UNIQUE_INFLUENCE_TRADE_GOLD_BONUS_PLAYER','MODIFIER_ALL_PLAYERS_ATTACH_MODIFIER','PLAYER_IS_HUMAN');
INSERT INTO Modifiers (ModifierId,ModifierType,SubjectRequirementSetId) VALUES ('LA_VENTA_UNIQUE_INFLUENCE_BONUS_PLAYER','MODIFIER_ALL_PLAYERS_ATTACH_MODIFIER','PLAYER_IS_HUMAN');
INSERT INTO Modifiers (ModifierId,ModifierType,SubjectRequirementSetId) VALUES ('LISBON_UNIQUE_INFLUENCE_BONUS_PLAYER','MODIFIER_ALL_PLAYERS_ATTACH_MODIFIER','PLAYER_IS_HUMAN');
INSERT INTO Modifiers (ModifierId,ModifierType,SubjectRequirementSetId) VALUES ('MOHENJO_DARO_UNIQUE_INFLUENCE_BONUS_PLAYER','MODIFIER_ALL_PLAYERS_ATTACH_MODIFIER','PLAYER_IS_HUMAN');
INSERT INTO Modifiers (ModifierId,ModifierType,SubjectRequirementSetId) VALUES ('NAN_MADOL_UNIQUE_INFLUENCE_BONUS_PLAYER','MODIFIER_ALL_PLAYERS_ATTACH_MODIFIER','PLAYER_IS_HUMAN');
INSERT INTO Modifiers (ModifierId,ModifierType,SubjectRequirementSetId) VALUES ('PRESLAV_UNIQUE_INFLUENCE_BONUS_PLAYER','MODIFIER_ALL_PLAYERS_ATTACH_MODIFIER','PLAYER_IS_HUMAN');
INSERT INTO Modifiers (ModifierId,ModifierType,SubjectRequirementSetId) VALUES ('SEOUL_UNIQUE_INFLUENCE_BONUS_PLAYER','MODIFIER_ALL_PLAYERS_ATTACH_MODIFIER','PLAYER_IS_HUMAN');
INSERT INTO Modifiers (ModifierId,ModifierType,SubjectRequirementSetId) VALUES ('STOCKHOLM_UNIQUE_INFLUENCE_GREAT_GENERAL_POINTS_BONUS_PLAYER','MODIFIER_ALL_PLAYERS_ATTACH_MODIFIER','PLAYER_IS_HUMAN');
INSERT INTO Modifiers (ModifierId,ModifierType,SubjectRequirementSetId) VALUES ('STOCKHOLM_UNIQUE_INFLUENCE_GREAT_ADMIRAL_POINTS_BONUS_PLAYER','MODIFIER_ALL_PLAYERS_ATTACH_MODIFIER','PLAYER_IS_HUMAN');
INSERT INTO Modifiers (ModifierId,ModifierType,SubjectRequirementSetId) VALUES ('STOCKHOLM_UNIQUE_INFLUENCE_GREAT_ENGINEER_POINTS_BONUS_PLAYER','MODIFIER_ALL_PLAYERS_ATTACH_MODIFIER','PLAYER_IS_HUMAN');
INSERT INTO Modifiers (ModifierId,ModifierType,SubjectRequirementSetId) VALUES ('STOCKHOLM_UNIQUE_INFLUENCE_GREAT_MERCHANT_POINTS_BONUS_PLAYER','MODIFIER_ALL_PLAYERS_ATTACH_MODIFIER','PLAYER_IS_HUMAN');
INSERT INTO Modifiers (ModifierId,ModifierType,SubjectRequirementSetId) VALUES ('STOCKHOLM_UNIQUE_INFLUENCE_GREAT_PROPHET_POINTS_BONUS_PLAYER','MODIFIER_ALL_PLAYERS_ATTACH_MODIFIER','PLAYER_IS_HUMAN');
INSERT INTO Modifiers (ModifierId,ModifierType,SubjectRequirementSetId) VALUES ('STOCKHOLM_UNIQUE_INFLUENCE_GREAT_SCIENTIST_POINTS_BONUS_PLAYER','MODIFIER_ALL_PLAYERS_ATTACH_MODIFIER','PLAYER_IS_HUMAN');
INSERT INTO Modifiers (ModifierId,ModifierType,SubjectRequirementSetId) VALUES ('STOCKHOLM_UNIQUE_INFLUENCE_GREAT_WRITER_POINTS_BONUS_PLAYER','MODIFIER_ALL_PLAYERS_ATTACH_MODIFIER','PLAYER_IS_HUMAN');
INSERT INTO Modifiers (ModifierId,ModifierType,SubjectRequirementSetId) VALUES ('STOCKHOLM_UNIQUE_INFLUENCE_GREAT_ARTIST_POINTS_BONUS_PLAYER','MODIFIER_ALL_PLAYERS_ATTACH_MODIFIER','PLAYER_IS_HUMAN');
INSERT INTO Modifiers (ModifierId,ModifierType,SubjectRequirementSetId) VALUES ('STOCKHOLM_UNIQUE_INFLUENCE_GREAT_MUSICIAN_POINTS_BONUS_PLAYER','MODIFIER_ALL_PLAYERS_ATTACH_MODIFIER','PLAYER_IS_HUMAN');
INSERT INTO Modifiers (ModifierId,ModifierType,SubjectRequirementSetId) VALUES ('TORONTO_UNIQUE_INFLUENCE_BONUS_PLAYER','MODIFIER_ALL_PLAYERS_ATTACH_MODIFIER','PLAYER_IS_HUMAN');
INSERT INTO Modifiers (ModifierId,ModifierType,SubjectRequirementSetId) VALUES ('VALLETTA_UNIQUE_INFLUENCE_PURCHASE_CHEAPER_WALLS_BONUS_PLAYER','MODIFIER_ALL_PLAYERS_ATTACH_MODIFIER','PLAYER_IS_HUMAN');
INSERT INTO Modifiers (ModifierId,ModifierType,SubjectRequirementSetId) VALUES ('VALLETTA_UNIQUE_INFLUENCE_PURCHASE_CHEAPER_CASTLE_BONUS_PLAYER','MODIFIER_ALL_PLAYERS_ATTACH_MODIFIER','PLAYER_IS_HUMAN');
INSERT INTO Modifiers (ModifierId,ModifierType,SubjectRequirementSetId) VALUES ('VALLETTA_UNIQUE_INFLUENCE_PURCHASE_CHEAPER_STAR_BONUS_PLAYER','MODIFIER_ALL_PLAYERS_ATTACH_MODIFIER','PLAYER_IS_HUMAN');
INSERT INTO Modifiers (ModifierId,ModifierType,SubjectRequirementSetId) VALUES ('VALLETTA_UNIQUE_INFLUENCE_CITY_CENTER_BUILDINGS_BONUS_PLAYER','MODIFIER_ALL_PLAYERS_ATTACH_MODIFIER','PLAYER_IS_HUMAN');
INSERT INTO Modifiers (ModifierId,ModifierType,SubjectRequirementSetId) VALUES ('VALLETTA_UNIQUE_INFLUENCE_ENCAMPMENT_BUILDINGS_BONUS_PLAYER','MODIFIER_ALL_PLAYERS_ATTACH_MODIFIER','PLAYER_IS_HUMAN');
INSERT INTO Modifiers (ModifierId,ModifierType,SubjectRequirementSetId) VALUES ('VILNIUS_UNIQUE_INFLUENCE_BONUS_PLAYER','MODIFIER_ALL_PLAYERS_ATTACH_MODIFIER','PLAYER_IS_HUMAN');
INSERT INTO Modifiers (ModifierId,ModifierType,SubjectRequirementSetId) VALUES ('YEREVAN_UNIQUE_INFLUENCE_BONUS_PLAYER','MODIFIER_ALL_PLAYERS_ATTACH_MODIFIER','PLAYER_IS_HUMAN');
INSERT INTO Modifiers (ModifierId,ModifierType,SubjectRequirementSetId) VALUES ('ZANZIBAR_UNIQUE_INFLUENCE_CINNAMON_RESOURCE_BONUS_PLAYER','MODIFIER_ALL_PLAYERS_ATTACH_MODIFIER','PLAYER_IS_HUMAN');
INSERT INTO Modifiers (ModifierId,ModifierType,SubjectRequirementSetId) VALUES ('ZANZIBAR_UNIQUE_INFLUENCE_CLOVES_RESOURCE_BONUS_PLAYER','MODIFIER_ALL_PLAYERS_ATTACH_MODIFIER','PLAYER_IS_HUMAN');
-- FOR FUTURE USE
-- INSERT INTO Modifiers (ModifierId,ModifierType,SubjectRequirementSetId) VALUES ('','MODIFIER_ALL_PLAYERS_ATTACH_MODIFIER','PLAYER_IS_HUMAN');

-- MODIFIERARGUMENTS
INSERT INTO ModifierArguments (ModifierId,Name,Value) VALUES ('AMSTERDAM_UNIQUE_INFLUENCE_BONUS_PLAYER','ModifierId','MINOR_CIV_AMSTERDAM_LUXURY_TRADE_ROUTE_BONUS');
INSERT INTO ModifierArguments (ModifierId,Name,Value) VALUES ('BRUSSELS_UNIQUE_INFLUENCE_BONUS_PLAYER','ModifierId','MINOR_CIV_BRUSSELS_WONDER_PRODUCTION_BONUS');
INSERT INTO ModifierArguments (ModifierId,Name,Value) VALUES ('BUENOS_AIRES_UNIQUE_INFLUENCE_BONUS_PLAYER','ModifierId','MINOR_CIV_BUENOS_AIRES_BONUS_RESOURCE_AMENITY_BONUS');
INSERT INTO ModifierArguments (ModifierId,Name,Value) VALUES ('CARTHAGE_UNIQUE_INFLUENCE_BONUS_PLAYER','ModifierId','MINOR_CIV_CARTHAGE_TRADE_ROUTE_CAPACITY_BONUS');
INSERT INTO ModifierArguments (ModifierId,Name,Value) VALUES ('GENEVA_UNIQUE_INFLUENCE_BONUS_PLAYER','ModifierId','MINOR_CIV_GENEVA_SCIENCE_AT_PEACE_BONUS');
INSERT INTO ModifierArguments (ModifierId,Name,Value) VALUES ('HATTUSA_UNIQUE_INFLUENCE_ALUMINUM_RESOURCE_BONUS_PLAYER','ModifierId','MINOR_CIV_HATTUSA_ALUMINUM_RESOURCE_BONUS');
INSERT INTO ModifierArguments (ModifierId,Name,Value) VALUES ('HATTUSA_UNIQUE_INFLUENCE_COAL_RESOURCE_BONUS_PLAYER','ModifierId','MINOR_CIV_HATTUSA_COAL_RESOURCE_BONUS');
INSERT INTO ModifierArguments (ModifierId,Name,Value) VALUES ('HATTUSA_UNIQUE_INFLUENCE_HORSES_RESOURCE_BONUS_PLAYER','ModifierId','MINOR_CIV_HATTUSA_HORSES_RESOURCE_BONUS');
INSERT INTO ModifierArguments (ModifierId,Name,Value) VALUES ('HATTUSA_UNIQUE_INFLUENCE_IRON_RESOURCE_BONUS_PLAYER','ModifierId','MINOR_CIV_HATTUSA_IRON_RESOURCE_BONUS');
INSERT INTO ModifierArguments (ModifierId,Name,Value) VALUES ('HATTUSA_UNIQUE_INFLUENCE_NITER_RESOURCE_BONUS_PLAYER','ModifierId','MINOR_CIV_HATTUSA_NITER_RESOURCE_BONUS');
INSERT INTO ModifierArguments (ModifierId,Name,Value) VALUES ('HATTUSA_UNIQUE_INFLUENCE_OIL_RESOURCE_BONUS_PLAYER','ModifierId','MINOR_CIV_HATTUSA_OIL_RESOURCE_BONUS');
INSERT INTO ModifierArguments (ModifierId,Name,Value) VALUES ('HATTUSA_UNIQUE_INFLUENCE_URANIUM_RESOURCE_BONUS_PLAYER','ModifierId','MINOR_CIV_HATTUSA_URANIUM_RESOURCE_BONUS');
INSERT INTO ModifierArguments (ModifierId,Name,Value) VALUES ('HONG_KONG_UNIQUE_INFLUENCE_BONUS_PLAYER','ModifierId','MINOR_CIV_HONG_KONG_PROJECT_PRODUCTION_BONUS');
INSERT INTO ModifierArguments (ModifierId,Name,Value) VALUES ('JAKARTA_UNIQUE_INFLUENCE_BONUS_PLAYER','ModifierId','MINOR_CIV_JAKARTA_TRADING_POST_BONUS');
INSERT INTO ModifierArguments (ModifierId,Name,Value) VALUES ('KABUL_UNIQUE_INFLUENCE_BONUS_PLAYER','ModifierId','MINOR_CIV_KABUL_UNIT_EXPERIENCE_BONUS');
INSERT INTO ModifierArguments (ModifierId,Name,Value) VALUES ('KANDY_UNIQUE_INFLUENCE_GRANT_BONUS_PLAYER','ModifierId','MINOR_CIV_KANDY_GRANT_RELIC_BONUS');
INSERT INTO ModifierArguments (ModifierId,Name,Value) VALUES ('KANDY_UNIQUE_INFLUENCE_BETTER_RELIC_BONUS_PLAYER','ModifierId','MINOR_CIV_KANDY_BETTER_RELIC_BONUS');
INSERT INTO ModifierArguments (ModifierId,Name,Value) VALUES ('KUMASI_UNIQUE_INFLUENCE_TRADE_CULTURE_BONUS_PLAYER','ModifierId','MINOR_CIV_KUMASI_CULTURE_TRADE_ROUTE_YIELD_BONUS');
INSERT INTO ModifierArguments (ModifierId,Name,Value) VALUES ('KUMASI_UNIQUE_INFLUENCE_TRADE_GOLD_BONUS_PLAYER','ModifierId','MINOR_CIV_KUMASI_GOLD_TRADE_ROUTE_YIELD_BONUS');
INSERT INTO ModifierArguments (ModifierId,Name,Value) VALUES ('LA_VENTA_UNIQUE_INFLUENCE_BONUS_PLAYER','ModifierId','MINOR_CIV_LA_VENTA_CAN_COLLOSSAL_HEAD');
INSERT INTO ModifierArguments (ModifierId,Name,Value) VALUES ('LISBON_UNIQUE_INFLUENCE_BONUS_PLAYER','ModifierId','MINOR_CIV_LISBON_SEA_TRADE_ROUTE_PLUNDER_IMMUNITY_BONUS');
INSERT INTO ModifierArguments (ModifierId,Name,Value) VALUES ('MOHENJO_DARO_UNIQUE_INFLUENCE_BONUS_PLAYER','ModifierId','MINOR_CIV_MOHENJO_DARO_CITIES_FRESHWATER_HOUSING_BONUS');
INSERT INTO ModifierArguments (ModifierId,Name,Value) VALUES ('NAN_MADOL_UNIQUE_INFLUENCE_BONUS_PLAYER','ModifierId','MINOR_CIV_NAN_MADOL_DISTRICTS_CULTURE_BONUS');
INSERT INTO ModifierArguments (ModifierId,Name,Value) VALUES ('PRESLAV_UNIQUE_INFLUENCE_BONUS_PLAYER','ModifierId','MINOR_CIV_PRESLAV_ABILITY_BONUS');
INSERT INTO ModifierArguments (ModifierId,Name,Value) VALUES ('SEOUL_UNIQUE_INFLUENCE_BONUS_PLAYER','ModifierId','MINOR_CIV_SEOUL_TECH_BOOST_BONUS');
INSERT INTO ModifierArguments (ModifierId,Name,Value) VALUES ('STOCKHOLM_UNIQUE_INFLUENCE_GREAT_GENERAL_POINTS_BONUS_PLAYER','ModifierId','MINOR_CIV_STOCKHOLM_GREAT_GENERAL_POINTS_BONUS');
INSERT INTO ModifierArguments (ModifierId,Name,Value) VALUES ('STOCKHOLM_UNIQUE_INFLUENCE_GREAT_ADMIRAL_POINTS_BONUS_PLAYER','ModifierId','MINOR_CIV_STOCKHOLM_GREAT_ADMIRAL_POINTS_BONUS');
INSERT INTO ModifierArguments (ModifierId,Name,Value) VALUES ('STOCKHOLM_UNIQUE_INFLUENCE_GREAT_ENGINEER_POINTS_BONUS_PLAYER','ModifierId','MINOR_CIV_STOCKHOLM_GREAT_ENGINEER_POINTS_BONUS');
INSERT INTO ModifierArguments (ModifierId,Name,Value) VALUES ('STOCKHOLM_UNIQUE_INFLUENCE_GREAT_MERCHANT_POINTS_BONUS_PLAYER','ModifierId','MINOR_CIV_STOCKHOLM_GREAT_MERCHANT_POINTS_BONUS');
INSERT INTO ModifierArguments (ModifierId,Name,Value) VALUES ('STOCKHOLM_UNIQUE_INFLUENCE_GREAT_PROPHET_POINTS_BONUS_PLAYER','ModifierId','MINOR_CIV_STOCKHOLM_GREAT_PROPHET_POINTS_BONUS');
INSERT INTO ModifierArguments (ModifierId,Name,Value) VALUES ('STOCKHOLM_UNIQUE_INFLUENCE_GREAT_SCIENTIST_POINTS_BONUS_PLAYER','ModifierId','MINOR_CIV_STOCKHOLM_GREAT_SCIENTIST_POINTS_BONUS');
INSERT INTO ModifierArguments (ModifierId,Name,Value) VALUES ('STOCKHOLM_UNIQUE_INFLUENCE_GREAT_WRITER_POINTS_BONUS_PLAYER','ModifierId','MINOR_CIV_STOCKHOLM_GREAT_WRITER_POINTS_BONUS');
INSERT INTO ModifierArguments (ModifierId,Name,Value) VALUES ('STOCKHOLM_UNIQUE_INFLUENCE_GREAT_ARTIST_POINTS_BONUS_PLAYER','ModifierId','MINOR_CIV_STOCKHOLM_GREAT_ARTIST_POINTS_BONUS');
INSERT INTO ModifierArguments (ModifierId,Name,Value) VALUES ('STOCKHOLM_UNIQUE_INFLUENCE_GREAT_MUSICIAN_POINTS_BONUS_PLAYER','ModifierId','MINOR_CIV_STOCKHOLM_GREAT_MUSICIAN_POINTS_BONUS');
INSERT INTO ModifierArguments (ModifierId,Name,Value) VALUES ('TORONTO_UNIQUE_INFLUENCE_BONUS_PLAYER','ModifierId','MINOR_CIV_TORONTO_REGIONAL_RANGE_BONUS');
INSERT INTO ModifierArguments (ModifierId,Name,Value) VALUES ('VALLETTA_UNIQUE_INFLUENCE_PURCHASE_CHEAPER_WALLS_BONUS_PLAYER','ModifierId','MINOR_CIV_VALLETTA_PURCHASE_CHEAPER_WALLS_BONUS');
INSERT INTO ModifierArguments (ModifierId,Name,Value) VALUES ('VALLETTA_UNIQUE_INFLUENCE_PURCHASE_CHEAPER_CASTLE_BONUS_PLAYER','ModifierId','MINOR_CIV_VALLETTA_PURCHASE_CHEAPER_CASTLE_BONUS');
INSERT INTO ModifierArguments (ModifierId,Name,Value) VALUES ('VALLETTA_UNIQUE_INFLUENCE_PURCHASE_CHEAPER_STAR_BONUS_PLAYER','ModifierId','MINOR_CIV_VALLETTA_PURCHASE_CHEAPER_STAR_BONUS');
INSERT INTO ModifierArguments (ModifierId,Name,Value) VALUES ('VALLETTA_UNIQUE_INFLUENCE_CITY_CENTER_BUILDINGS_BONUS_PLAYER','ModifierId','MINOR_CIV_VALLETTA_CITY_CENTER_BUILDINGS_BONUS');
INSERT INTO ModifierArguments (ModifierId,Name,Value) VALUES ('VALLETTA_UNIQUE_INFLUENCE_ENCAMPMENT_BUILDINGS_BONUS_PLAYER','ModifierId','MINOR_CIV_VALLETTA_ENCAMPMENT_BUILDINGS_BONUS');
INSERT INTO ModifierArguments (ModifierId,Name,Value) VALUES ('VILNIUS_UNIQUE_INFLUENCE_BONUS_PLAYER','ModifierId','MINOR_CIV_VILNIUS_CIVIC_BOOST_BONUS');
INSERT INTO ModifierArguments (ModifierId,Name,Value) VALUES ('YEREVAN_UNIQUE_INFLUENCE_BONUS_PLAYER','ModifierId','MINOR_CIV_YEREVAN_APOSTLE_PROMOTION_BONUS');
INSERT INTO ModifierArguments (ModifierId,Name,Value) VALUES ('ZANZIBAR_UNIQUE_INFLUENCE_CINNAMON_RESOURCE_BONUS_PLAYER','ModifierId','MINOR_CIV_ZANZIBAR_CINNAMON_RESOURCE_BONUS');
INSERT INTO ModifierArguments (ModifierId,Name,Value) VALUES ('ZANZIBAR_UNIQUE_INFLUENCE_CLOVES_RESOURCE_BONUS_PLAYER','ModifierId','MINOR_CIV_ZANZIBAR_CLOVES_RESOURCE_BONUS');

		
		





