<?xml version="1.0" encoding="utf-8"?>
<GameInfo>
	<ModifierArguments>
        <Update>
            <Where ModifierId="STANDARD_DIPLOMATIC_NEAR_BORDER_WARNING" Name="InitialValue"/>
            <Set Value="0"/>
        </Update>
		<Update>
		  <Where ModifierId="STANDARD_DIPLOMATIC_NEAR_BORDER_WARNING" Name="ReductionValue"/>
            <Set Value="0"/>
		</Update>
		<Update>
		  <Where ModifierId="STANDARD_DIPLOMATIC_NEAR_BORDER_WARNING" Name="ReductionTurns"/>
            <Set Value="0"/>
		</Update>
    </ModifierArguments>
</GameInfo>